SubCat,Headlines
/issues/border-security,"Challeng On Absurditi Of Southern Border Fence, Hanniti Say Hed Put A Fenc On Canadian Border Too"
/issues/border-security,Fox Bolling: Muslim Will Come Through Porou Border And Creat A Radic Islam Problem In U.S.
/issues/border-security,Conserv Media Echo Spuriou Report On Threat Of Islamic State Terrorist Cross U.S.-Mexico Border
/issues/border-security,Ingraham Use ISIS Threat To Whip Opposit To Immigrat Reform
/issues/border-security,OReilli Didnt Want To Hear Hi Pro-Immigr Guests- So He Cut Their Mic
/issues/border-security,Fox Guest Stoke Ebola Fear Due To Uninspect Immigrant
/issues/border-security,Fusion Jorg Ramo Tell OReilli That Put Nation Guard On The Border Is Absurd And Useless
/issues/border-security,Bill OReilli Advocat For A Berlin Wall-Styl Border Fenc
/issues/border-security,Politico Columnist Claim Obama Ignore Immigrat Issue He Alreadi Tri To Address
/issues/border-security,Bill Kristol Dismiss GOP Strategist Navarro On Border Crisis: Your Not Quit As Republican As Me
/issues/border-security,Fox New Isnt Listen To It Own Report On Border Secur
/issues/border-security,Watch Fox Laura Ingraham Push Nativist Polici In Respons To Humanitarian Crisi At The Border
/issues/border-security,Limbaugh Specul Obama Administr Plan Undocument Children Border Cross
/issues/border-security,ABC New Ingraham: Immigrant Humanitarian Crisi Is An Invasion Facilit By Our Own Govern
/issues/border-security,"For Honest Debat On Immigration, Media Should Read Daili Beast Treatment Of Anti-Immigr CIS"
/issues/border-security,Deport Longstand Undocument Immigrant Would Cost U.S. Billion
/issues/border-security,Fox Latest Attempt To Distort Obama Immigrat Enforcement Record
/issues/border-security,What Happen When A New Organiz Treat Immigrant As Peopl
/issues/border-security,Fox New Latino Destroy Fox New Narr On Immigrat Enforcement
/issues/border-security,Fox Imagin That Obama Is Let Immigrant Rapist And Murder Loos On The Street (Theyr Wrong)
/issues/border-security,Right-W Media Angri Obama Administr Ha Deport Crimin
/issues/border-security,Fox Cast Doubt On Obama Immigrat Enforcement As 2 Millionth Deport Near
/issues/border-security,Do American Realli Want More Undocument Immigrant Deported?
/issues/border-security,Bill OReilli Doesnt Understand Whi Obama Cant Fulfil Conserv Closed-Bord Fantasi
/issues/border-security,DHS Debunk Fox News-Creat Asylum Controversi
/issues/border-security,Fox New Reli On Anti-Immigr Nativist To Push Asylum Myth
/issues/border-security,Fox New Idea Of Immigrat Loophol Is Long-Stand Asylum Polici
/issues/border-security,Laura Ingraham Hypocrisi Over Dream 9 Immigrat Protest
/issues/border-security,WSJ Let GOP Run With Border Secur First Argument It Editori Have Critic
/issues/border-security,Conserv Media Ignore That Immigrat Reform Would Greatli Reduc Visa Overstay
/issues/border-security,Face The Nation Forward Conserv Argument On Border Enforcement
/issues/border-security,Fox New Newest Dishonest Chart: Immigrat Enforcement
/issues/border-security,Fox New Seiz On Mexico-Mad Border Patrol Uniform To Fuel Myth Of Afghanistan-Styl Attack
/issues/border-security,Media Miss Opportun On Drone Debat
/issues/border-security,Bush DHS Sec. Michael Chertoff Dismantl Fox New Frame That Undocument Immigrant Releas Are Intention
/issues/border-security,Fox Guest Mari Walter: Immigrant May Not Want Citizenship Becaus Theyr Not Pay Tax And Enjoy All The Benefit
/issues/border-security,Fox Boll Ask If The Govern Is Be Honest About Priorit Deport Of Crimin
/issues/border-security,Fox Monica Crowley Ignore Fact To Attack U.S. Border Enforcement Polici
/issues/border-security,"Ingraham Greet Rule On AZ Law By Smear Immigrants, Distort Immigrat Fact"
/issues/border-security,Fox McFarland: We Should Eventual Take Our Troop Out Of Europ And Put Them On The Mexican Border
/issues/border-security,Appear For The Defens Of Arizona Controversi Immigrat Law: Fox New
/issues/border-security,Fox  Friends: Fox New Top Misinform Of 2011
/issues/border-security,Fox Van Susteren Tri To Gin Up Outrag Over Uncontroversi Border Cross Propos
/issues/border-security,Fuzzi Numbers: Fox Boll Claim Obama Ha Cut Border Spend In Half
/issues/border-security,Fox Push AZ Effort To Build Border Fenc Despit It Predict High Cost And Unproven Effectiv
/issues/border-security,"Fox Gutfeld: I Am For A Border Fence, But To Keep The Attractiv Immigrant In"
/issues/border-security,Kilmead On KISS Gene Simmons: He Should Run For Presid
/issues/border-security,Wash. Times: Obama Immigrat Polici Is A Throwback To 19th Centuri Marxism
/issues/border-security,Fox Host Anti-Immigr Babeu Who Fearmong About Terrorist Disguis As Hispan Cross The Border
/issues/border-security,Fox Hemmer: AZ Gov. Jan Brewer Is Lead A One-Woman Fight Against Washington
/issues/border-security,Fox Further Anti-Immigr Agenda By Lob Softbal To AZ Gov. Brewer
/issues/border-security,"In Softbal Interview, Fox Johnson Tell Gov. Jan Brewer, For Mani Americans, You Becam A Strong Hero"
/issues/border-security,Fox Again Promot AZ Sheriff Paul Babeu And Hi Anti-Immigr View
/issues/border-security,GM Reportedli The Latest Compani To Pull Ad From Anti-Immigr John  Ken Show
/issues/border-security,"STUDY: On Fox News, Immigrant Are Synonym With Crimin"
/issues/border-security,Not Veri Helpful? Carlson Advanc Myth That Obama Hasnt Increas Border Secur
/issues/border-security,Fox/Googl Debat Host Anti-Immigr Hate Group FAIR For Immigrat Question
/issues/border-security,The Supremaci Cause: Inside The White Nationalist Movement
/issues/border-security,Right-W Media Freak Out Over Decis To Deport Convict Felon
/issues/border-security,Media-Promot Anti-Immigr Leader Call for Illegal and Violent Act
/issues/border-security,Wash. Time Hurt: Illegal Who Had Been Head For Deport Will Manag To Sneak In A Few Vote For Obama
/issues/border-security,Wash. Time Miller: White Hous Give Illegal A Free Pass
/issues/border-security,"Dure Segment On Immigration, Report Point Out Fox New Is Using Footag Of Border Crosser From A Long Time Ago"
/issues/border-security,Fox Hype Photo Of One Man Climb Border Fenc To Fearmong Over Border Secur
/issues/border-security,Hack Document Reveal Border Vigilant Activiti
/issues/border-security,Fox Nation: Re-Writ Headlin To Fit The Agenda
/issues/border-security,"With Renew Nation Focu On Immigrat Reform, Fox Rev Up Anti-Immigr Campaign"
/issues/border-security,Center For Immigrat Studi Give Journal Award To Writer Who Denigr Immigrant
/issues/border-security,Special Report Bret Baier Use Load Term Illegal
/issues/border-security,Minuteman to Tea Party: A Grassroot Rebrand
/issues/border-security,Fox Seiz On Immigrant Bust To Critic Obama Immigrat Record
/issues/border-security,"Beck Suggest Problem On Border In U.S., Israel Are Connect Becaus Same Argument Is Be Made"
/issues/border-security,"Beck See Parallel Between Mideast And U.S.-Mexico Border, Say It Is The Same Argument, Made By The Same Peopl"
/issues/border-security,Beck: Critic Of Israel Will Be Used Against U.S.; We Will Be Call An Oppressor On Southern Border
/issues/border-security,"Beck Say Problem On Border In U.S., Israel Are Relat Becaus It The Same Peopl Do It"
/issues/border-security,Fox New Ignore Realiti To Claim Obama Isnt Seriou About Immigrat Reform
/issues/border-security,Limbaugh: Obama Doesnt Want More Border Patrol Agent ... He Need More Depend Arrive Here
/issues/border-security,Limbaugh Staffer Hood Translat Ask If Obama Would Send Bootylici Homegirl Michel To Border
/issues/border-security,Fox  Friend Distort Obama Record On Border Secur
/issues/border-security,"Beck Ask If Obama Had Hi Back To, Like, A Big Wall Shield Him From Drug Lord Gunfir Dure Hi El Paso Speech"
/issues/border-security,"They Dont Get It: Unabl To Take A Joke, Right-W Media Attack Obama Over Moat Comment"
/issues/border-security,Dooci Fals Suggest Obama Is Fail To Secur U.S.-Mexican Border
/issues/border-security,Right-W Media Attack Obama For The Locat Near The Locat Of Hi Speech
/issues/border-security,"Fox Host Sheriff Babeu To Call For 6,000 Armed Soldier To Be Deploy To U.S./Mexico Border"
/issues/border-security,OReilli Say U.S. Troop Could Be In Mexico In The Next Coupl Of Year
/issues/border-security,Beck Complain About Propos Passport Form: Whi Dont You Just Put Nippl Clamp On American Over This?
/issues/border-security,Beck Suggest Goal Of Propos Passport Form Is To Make The Document Undocument
/issues/border-security,Fox Gallagh Suggest That Black American Should Be Mortifi By Obama Comment That We Are All Connect
/issues/border-security,Fox Fals Claim It Ha Confirm That Fed Ordere Not To Arrest Illegal
/issues/border-security,Fox Use White Hous Meet On Immigrat Reform To Insult Undocument Immigrant And Border Secur
/issues/border-security,Fox Use Obama Meet On Immigrat Reform To Fearmong And Bash Obama
/issues/border-security,FAIR Host Extremist Ralli To Denounc Disease-Ridden Racist Immigrant
/issues/border-security,"Hanniti Call Napolitano Ms. Man-Caus Disaster, Dismiss Safeti Data: Ive Been Down To The Border Five Separ Time"
/issues/border-security,Steve Emerson Claim Palestinian Milit Are In Mexico Learn How To Dig Tunnel That Will Evade Detect In Gaza
/issues/border-security,Mike Huckabe Say West Bank-Typ Wall Would Fix Our Southern Border
/issues/border-security,Fox Boll Call For Electrifi Border Fenc
/issues/border-security,Fox Shelter AZ Gov. And Her Lawsuit From The Fact On Border Secur
/issues/border-security,Carlson: Arizona Is Be Invade And It Up To Washington To Stop It
/issues/border-security,When the polit fuel murder of a 9-year-old girl in Arizona is NOT nation news
/issues/border-security,Fox  Friend Discov That Border Fenc Doesnt Work
/issues/border-security,Beck critic DHS for investig shoot death of border agent
/issues/border-security,Did J.D. Hayworth inspir Fox New new Third War seri about the border?
/issues/border-security,Fox  Friend fals suggest Obama refus to secur border
/issues/border-security,Fox Hemmer claim border fenc would stop illeg immigr though it may be a veri un-American idea
/issues/border-security,Fox New promot presidenti specul for Sheriff Arpaio
/issues/border-security,Hanniti fabric Rhode Island law that is almost verbatim like Arizona immigr law
/issues/border-security,Fox  Friend host endors McCain call for Obama to walk the walk and visit AZ border
/issues/border-security,Lou Dobb bring hi immigr lie to Fox
/issues/border-security,Oblivious: Wash. Time fals claim Obama administr stubbornli refus to protect America border
/issues/border-security,Johnson: Whi hasnt Presid Obama put a moratorium on border cross in the same way he did with offshor drilling?
/issues/border-security,Carlson: It onli took the presid a few day to shut down Gulf drill so whi cant he do the same for those hole along the border?
/issues/border-security,"Obliviou to improv border security, Palin say it a travesti that Obama is choos not to enforc border"
/issues/border-security,Fox dismiss the 14th Amendment as the anchor babi amend
/issues/border-security,"Rush say what Obama lack in cojones, he make up in gall"
/issues/border-security,Dooci fals claim Obama broke promis on border troop
/issues/border-security,"In OReilli Factor tease, Juan William fals claim Obama ha done noth to solv the border chao"
/issues/border-security,Fox make faulti comparison to suggest AZ rule may leav peopl in danger
/issues/border-security,Washington Time Kuhner ask Should Arizona secede?
/issues/border-security,Conserv media oblivi to major increas in border enforc
/issues/border-security,Onli on Fox: GOP strategist Hanretti actual claim that Obama think we shouldnt even have a border
/issues/border-security,Even Beck not buy phoni stori about Mexican gang invad U.S.
/issues/border-security,Right-w blog push rumor that Mexican gang invad U.S.
/issues/border-security,Fox New play by the Center for Immigrat Studi
/issues/border-security,Charl Krauthamm seal the border!
/issues/border-security,Gaffney suggest Kyl flatli deni claim that Obama said he wont secur the border an impeach offens
/issues/border-security,Palin say it bogu that Obama administr ha been tough on illeg immigr enforc
/issues/border-security,Limbaugh on AZ law: Obama sell the countri and a particular state down the river in order to secur a vote bloc
/issues/border-security,"Fox Carlson: Like drug lord who murder polic chief in Mexico, illeg in the U.S. have that sens of entitl"
/issues/border-security,Savag call for Obama to be impeach for someth he didnt say about border secur
/issues/border-security,Kristol misrepres Phoenix crime level to defend AZ law
/issues/border-security,Right-w media fals claim Obama said border secur is imposs
/issues/border-security,Camerota: Obama is probabl right that the border cant be seal with fenc and guard
/issues/border-security,"Despit accuraci of Obama statement on border violence, Limbaugh attack presid as fit for the psycho ward"
/issues/border-security,"Limbaugh: Obama want to creat an illeg alien bill of rights, alway want to expand right of terrorists, spi"
/issues/border-security,Limbaugh say Kagan disavow Declar of Independ and is throw the Constitut down the toilet
/issues/border-security,"Limbaugh: Amnesty. It head our way, it is the largest voter registr drive in American histori"
/issues/border-security,"Limbaugh: The Arizona law is practic word for word what the feder law is, which is not be enforc"
/issues/border-security,"Beck say unions, ACORN socialists, or Communist Parti may help caus emerg that will prompt immigr reform"
/issues/border-security,Liddi on smuggler from Mexico: We should...blow these guy away and dump the bodi back over the Rio Grand
/issues/border-security,Beck still run with falsehood that U.S. close park 80 mile in due to border violenc
/issues/border-security,"Kaufman warn that invas is crazi over the top, so we should shut down border and deport illeg"
/issues/border-security,OReilly: The next war for the Unite State will be on the border with Mexican drug cartel
/issues/border-security,"Hannity, Dobb baselessli claim Obama and Democrat are not commit to secur our border"
/issues/border-security,Right-w media push Kyl flatli deni claim that Obama said he wont secur the border
/issues/border-security,Fox guest: AZ law need becaus it not just drug dealer ... weve had Middl Eastern come across that border as well
/issues/border-security,Fox just cant get it stori straight on AZ wildlif refug
/issues/border-security,Conserv blogger realli grasp at straw to attack Kagan on immigr case
/issues/border-security,Limbaugh say Obama ha side against the peopl of Arizona
/issues/border-security,Even Fox New isnt partisan enough for Fox Nation
/issues/border-security,"After caller press Limbaugh on how AZ law can be enforc without racial profiling, Limbaugh mock him as a kook"
/issues/border-security,Limbaugh: The Arizona law is the equival of the blue dress. And Obama not back down
/issues/border-security,Limbaugh say boycott of Arizona could lead to civil unrest
/issues/border-security,Palin repeat absurd claim that U.S. apolog to China over AZ immigr law
/issues/border-security,Limbaugh ask whi all immigr dont come through Mexico becaus there no effort to stop them there
/issues/border-security,Limbaugh sexist praise: Would it be nice if we had some male Republican with half of thi courag as Gov. Brewer
/issues/border-security,Beck and crew: Shahzad should have snuck across the border becaus we cant ask you ani question
/issues/border-security,Cavuto to Rep. Gutierrez: Insert yourself into AZ law debat is reckless and border on illeg
/issues/border-security,Gregori shoot down Penc attack on Obama over immigration: Of cours it wa Republican who block reform
/issues/border-security,"Juan William back up Secretari Napolitano: The border are safer, more secur now than theyv ever been"
/issues/border-security,Huckabee: We need electron and/or physic fenc on the border befor comprehens immigr reform
/issues/border-security,Van Susteren ask if Napolitano is a hypocrit on AZ immigr law
/issues/border-security,Hanniti on propos boycott of Arizona Diamondbacks: Im buy a cap
/issues/border-security,Rove say purport wave of AZ violenc unrel to Obama administr polici he still suggest are to blame
/issues/border-security,Hanniti display b-roll of border-cross while discuss immigr
/issues/border-security,"Lowry, Examin blame Obama for AZ law by point to defund of fail virtual border fenc"
/issues/border-security,Morris: Obama want to put the Hispan commun ... back in a state of agit
/issues/border-security,Tucker Carlson: Dem critic of AZ immigr law an attempt to whip Hispan voter into a frenzi
/issues/border-security,"Fox host Mother Against Illegal Amnesti founder, Michel Dallacroce, who complain about anchor babi"
/issues/border-security,Easton: AZ immigr bill is mean-spirit and realli danger for the Republican Parti
/issues/border-security,Krauthamm concern about illeg but AZ bill could lead to a lot of civil right abus
/issues/border-security,Fred Barn call new AZ immigr bill draconian and say it goe way too far- build a wall there
/issues/border-security,"CNN Cafferti dismiss concern about AZ racial profiling: Well, so what?"
/issues/border-security,Morris: Obama doesnt want troop on the border becaus it will alien the Latino and Hispan voter
/issues/border-security,OReilly: I have consist defend poor people; border fenc put up partial becaus of thi program
/issues/border-security,OReilli get Worst Person bronz for hi take on back-and-forth between Olbermann and Dobb
/issues/border-security,Wash. Time advanc myth that 17 percent of gun recov in Mexico can be trace to U.S.
/issues/border-security,Carlson on appoint of border czar: I wa wonder to myself whi we are have so mani czars-slash-k now in America
/issues/border-security,Beck fals assert that U.S. doe not fingerprint foreign visitor or collect rapist DNA
/issues/border-security,Dobb on DOJ investig of Sheriff Arpaio: Thi feel like ... Joseph Stalin ha secretli been resurrect
/issues/border-security,MSNBC caption refer to illeg
/issues/border-security,"On hi radio show, Dobb declares, Mexico ha becom our enemy, still obsess with fictiti North American Union"
/issues/border-security,Hanniti fals claim NCLR ha call for Mexico to annex southwestern states.
/issues/border-security,"Glenn Beck: Should Mexico collapse, refuge who flow into the countri may enter with mindset to reclaim California and Texa"
/issues/border-security,"On Fox New Sunday, Wallac fail to challeng Steel claim that Hispan leader support border secur first"
/issues/border-security," NY Time columnist report McCain ha so far emphas border secur more than the Democrats, not that it a revers of hi posit on immigr "
/issues/border-security,CNN John King ignor McCain pander on immigr 
/issues/border-security,"Wash. Post, WSJ call McCain revers on immigr a shift in emphasi "
/issues/border-security,"Ignore pattern of polit expedi reversals, NBC Gregori claim McCain is not go to pander to the right "
/issues/border-security,USA Today ignor inconsist in McCain immigr posit 
/issues/border-security,"Fox New contributor Dietl on Imus: It look like the pilgrimag in to Mecca, the amount of Aba Dabba Doo that are come in from Canada in to the Unite State "
/issues/border-security,"Despit reversal, NY Time claim McCain advocaci for border secur first is not a chang in hi basic posit "
/issues/border-security,Matthew baselessli suggest Latino voter want more of an open border 
/issues/border-security,Beck invok purport reconquista movement in discuss of riot in Franc
/issues/border-security,"Matthew gush over Ingraham looks, book in which she write about threat to power of share American cultur from porou border"
/issues/border-security,CNN Malveaux said conspiraci theorist talk about North American Union- what about Dobbs?
/issues/border-security,Pinkerton claim Clinton support open border despit her support for border-secur measur
/issues/border-security,Boortz: I dont care if Mexican pile up against that fenc ... Just run a coupl of taco truck up and down the line
/issues/border-security,"Buchanan blame VA Tech murder on immigr invasion, claim immigr are go berserk here"
/issues/border-security,"Print outlet report Bush claim that decreas in border arrest is a sign of progress, but not that he said opposit in late 2005"
/issues/border-security,Lou Dobb Tonight again ignor Senat immigr bill border-secur measur
/issues/border-security,Dobb again cite discredit Heritag immigr figur
/issues/border-security,Broder baselessli contrast Bush Texa approach to immigr with stricter Hous bill
/issues/border-security,"Ignore polls, Matthew claim onli irregular Republican support Minuteman patrol"
/issues/border-security,Media ignor Chertoff flip-flop on send Nation Guard to border
/issues/border-security,"OReilli claim Mexican presid ha troop help drug traffickers, fals assert central Mexican state of Jalisco is on the border"
/issues/border-security,OReilli fals claim Kennedy-McCain immigr bill would address border secur onli by increas border patrol
/issues/border-security,OReilli hold up North Korea as exemplar of border secur
/issues/border-security,"Dobbs: I support the Minuteman Project and the fine American who make it up in all theyv accomplished, fully, relentlessly, and proudli"
/issues/border-security,OReilli baselessli associ critic with open border peopl
/issues/border-security,OReilli baselessli claim that Dalla Morn New columnist favor open border
/issues/border-security,"Hanniti  Colm repeatedli featur Minuteman Project organ and supporters, with almost no oppos viewpoint"
/issues/border-security,OReilli ignor hi own interview with Edwards; misstat posit on border secur
/issues/budget,Limbaugh: The Govern Damn Well Need To Be Shut Down To Block Execut Action On Immigrat
/issues/budget,Network New Overlook Polici Issue In Midterm Coverag
/issues/budget,Conserv Media Deni The Facts: Lack Of Fund Hurt Research On Diseas Like Ebola
/issues/budget,"Fox Gasparino Call Public Pension Ponzi Schemes, Wish More Stigma Wa Attach To Welfar"
/issues/budget,Fox Favorit Economist Ha A New Bogu Calcul
/issues/budget,"Food Stamp Program Hit Histor Low For Waste, Fox Attack It Anyway"
/issues/budget,"REPORT: Weekday Broadcast And Cabl Evene New Econom Coverag Highli Polarized, Lack Expert Analysi"
/issues/budget,Top New Jersey Paper Larg Overlook NJ Pension Pay-To-Play Allegat
/issues/budget,Columbu Dispatch Flip-Flop On Sequestr Impact
/issues/budget,"Ron Fournier, Tim Geithner, And The Peril Of Reli On Book Excerpt"
/issues/budget,"Fox Mislead On Impact Of Budget Sequestration, Call For Deeper Cut"
/issues/budget,"REPORT: Weekday Broadcast And Cabl Evene New Econom Coverag Lack Context, Economist"
/issues/budget,"Fox Tout Paul Ryan New Budget Plan, Ignore Economist Claim Of Neg Impact"
/issues/budget,Pentagon Find The Repetiti Benghazi Hear Have Cost Million
/issues/budget,REPORT: Broadcast Evene New Ignore Public Cost Of Low Minimum Wage
/issues/budget,What Economist Say About Paul Ryan Report On Poverti
/issues/budget,The Hill Viebeck Reviv Billion-Dollar Healthcare.gov Myth On Fox
/issues/budget,REPORT: Print Media Mislead Coverag Of Social Secur Figur
/issues/budget,New York Time Improve It Budget Report As Other Outlet Falter
/issues/budget,"REPORT: Print Media Mislead Reader On Economi With Raw Data, Littl Context"
/issues/budget,"5 Year After Success Stimulus, Right-W Media Still In Denial"
/issues/budget,School Fox On The Stimulu With One Chart
/issues/budget,Fox Guest Say Deficit Is A Graver Threat To Futur Gener Than Notion Of Climat Chang
/issues/budget,Fox Host Stuart Varney: Debt Ceil Vote Is A Good Thing Becaus It Will Help Republican Win Election
/issues/budget,The Real Wastebook: Giveaway For Coal Industri
/issues/budget,Extend The Hand-Out Society: Fox Varney Twist CBO Report On Obamacar
/issues/budget,Fox Math: Slower Growth Mean The Shutdown Work
/issues/budget,What Fox Wont Tell You About Scott Walker Econom Record
/issues/budget,Fox Lou Dobbs: Obama Creat A Wedg Issue By Highlight Income Inequal
/issues/budget,Fox Poll On Inequal Doesnt Show What They Think It Doe
/issues/budget,Fox Cavuto Still Think Infrastructur Investment Is A Govern Racket
/issues/budget,The Media Deficit Obsession
/issues/budget,REPORT: What Weekday Broadcast And Cabl Evene New Forgot To Cover On The Economi
/issues/budget,Media Latest Unemploy Myth: Benefit Have Gone On Too Long
/issues/budget,6 Way Media Attack America Social Safeti Net In 2013
/issues/budget,Conserv Revolt On Ryan Budget Deal
/issues/budget,"To Fox News, Kick Peopl Off Unemploy Insuranc Is Good Econom Polici"
/issues/budget,"To Fox Cavuto, A Danger Underfund Infrastructur Budget Is More Than Enough"
/issues/budget,Broadcast New Doesnt Have Time For Full Employment
/issues/budget,How Right-W Media Have Impede The Return To Full Employment
/issues/budget,How Print And Broadcast Media Are Hide Obamacar Success In Control Cost
/issues/budget,Fox New Mislead On Cost Of Medicaid Expansion For State
/issues/budget,WSJ Embrace Anti-Growth Polici To Push Econom Growth
/issues/budget,Laura Ingraham Forget When The Govern Shutdown Happen
/issues/budget,"Fox Blakeman: Like A Drug Dealer, Govern Is Hand Out Depend To American Through Food Stamp"
/issues/budget,REPORT: The Food Stamp Cut The Media Wont Tell You About
/issues/budget,Rush: God Love The Sequest
/issues/budget,Levin: U.S. Chamber of Commerc Can Go To Hell For Support Stimulu And Immigrat Reform
/issues/budget,"REPORT: Immediat After Shutdown Deal, Print Media Pivot To Debt Reduct"
/issues/budget,WSJ Moor Hate The Slow Economi But Love The Sequest Weigh It Down
/issues/budget,"Labor Report Highlight Need For Media To Focu On Jobs, Not Deficit"
/issues/budget,Incredul Gretchen Carlson Cant Face Fact About Food Stamp Fraud
/issues/budget,"After Year Of Highlight Wast In SNAP, Fox Downplay Wast Of Shutdown"
/issues/budget,Fox Continu To Deni That GOP Shutdown Ha Harm Economi
/issues/budget,Fox Bolling: Someon Get To Rate Agenci Who Point Out Econom Effect Of GOP Shutdown
/issues/budget,It Like Fox Doesnt Want To Understand How The Debt Limit Work
/issues/budget,Fox Kelly: Deal To End Shutdown Doesnt Look Like A Win For The American Peopl Becaus It Doesnt Address Debt
/issues/budget,Fox Dobb Dismiss Fact That Govern Shutdown Ha Hurt Economi
/issues/budget,Fox Cite Discredit Author Ed Klein To Whitewash GOP Respons For Govern Shutdown
/issues/budget,Fox Ignore Debt Ceil Brinkmanship In Fitch Downgrad Warn
/issues/budget,"MSNBC Joe Scarborough: The Republican Brand Ha Been, I Believe, So Shatter By GOP Dysfunct"
/issues/budget,VIDEO: Right-W Media Accuse Presid Obama Of Debt Ceil Scare Tactic
/issues/budget,Fox Histori vs. Actual History: Fox Shutdown Timelin Omit The Role Of The GOP
/issues/budget,Default By Another Name: 5 Economist Who Burst Right-W Media Default Denial
/issues/budget,WSJ Celebr Destruct Shutdown That Cost Economi Billion
/issues/budget,Hanniti Call The Shutdown He Campaign For The Obama-Reid Shutdown
/issues/budget,Media Keep Up Fals Equival Report On Govern Shutdown
/issues/budget,Select Outrag And The Right-W Nois Machin
/issues/budget,Fox New Attack Obama For Correctli Explain The Debt Ceil
/issues/budget,WSJ Promot Default Truther
/issues/budget,MSNBC Chri Hayes: Media Gerrymand Narr Doesnt Explain Radic Republican
/issues/budget,Erin Burnett At Odd With Her CNN Colleagu Over Debt Ceil
/issues/budget,Fox Bolling: Republican Have To Stay Firm Until Debt Ceil Default Date
/issues/budget,Hannity: Worst-Cas Scenario Is If Republican Give In On Govern Shutdown
/issues/budget,REPORT: Nightli New Shutdown Coverag Shrug Off Effect On The Poor
/issues/budget,"Fox Napolitano Think Education, Justice, And Health Are Feder Program We Dont Realli Need"
/issues/budget,CNN Tapper Decid There Is No Principl Reason To Oppose GOP Piecem Fund Effort
/issues/budget,Fox Host Defend Boehner Refus To Let Hous Vote On Clean Resolut To End Govern Shutdown
/issues/budget,Fox Guest: You Cant Realli Blame The Republican For Debt Ceil Brinkmanship
/issues/budget,Amber Alert Continu Despit Right-W Media Claim That Govern Shutdown Turn Them Off
/issues/budget,Media Push Unworkabl Priorit Payment Approach To Debt Ceil Crisi
/issues/budget,"Fox Kurtz: When Fox Refer To Govt Shutdown As Slimdown, That A Mistake- It A Load Term"
/issues/budget,Fox Chri Wallac Accuse Presid Obama Of Tri To Panic The Market Over Debt Ceil
/issues/budget,Fox Georg Will: No One Care When U.S. Credit Rate Wa Downgrad
/issues/budget,"After Push For A Shutdown, Hanniti Ask Who Want This?"
/issues/budget,"Limbaugh: Know The Kind Of Authoritarian, Quasi-Dict Mental He Has, Obama Wont Negoti On Shutdown"
/issues/budget,"After Admit GOP To Blame For Shutdown, Right-W Media Attack Obama Anyway"
/issues/budget,Fox Fight Imaginari Media Bia With Actual Media Bia
/issues/budget,Fox Varney On Furlough Feder Employees: I Want To Punish These Peopl
/issues/budget,"Where Right-W Media See Obama Scare Tactics, Economist See Loom Financi Disast"
/issues/budget,Fox Smear Obama With New Benghazi Falsehood
/issues/budget,Hanniti Latest Lie: Harri Reid Say He Wouldnt Want To Help One Kid With Cancer
/issues/budget,Hold The Line: Right-W Media Urge GOP Intransig Dure Shutdown
/issues/budget,Fox Accuse Obama Of Hurt Elderli WWII Vet With Shutdown Fox Host Prais
/issues/budget,CBS Take Harri Reid Out Of Context On Govern Fund
/issues/budget,Fox Use Routin Park Servic Disrupt To Accuse Obama Of Politic The Shutdown
/issues/budget,REPORT: How Broadcast And Cabl New Cover The Economi
/issues/budget,Juan William Deflat Fox Claim That Presid Obama Is Be Unreason In Budget Negoti
/issues/budget,How Fox New And Conserv Talk Radio Are Enabl The Shutdown
/issues/budget,Hanniti Shutdown Advice For Republicans: Hold The Line
/issues/budget,Fox Ignore Histori To Claim Last Shutdown Didnt Harm Economi
/issues/budget,What Fox Isnt Say About The GOP Confer Plan To End Shutdown
/issues/budget,CNBC Analyst Disregard Threat Of Debt Default: It Not Armageddon
/issues/budget,Fox Rove: GOP Health Care Defund Strategi Predic On Shut Down The Govern
/issues/budget,Limbaugh: Obama Base Is Go To Have A Fine Day Dure Govern Shutdown Becaus Welfar Check Are Still Usabl
/issues/budget,Fox Help GOP Implement The Williamsburg Accord With Dishonest Shutdown Coverag
/issues/budget,The Death Of Another Fox New Talk Point
/issues/budget,Hanniti Dismiss Shutdown: Thi Doesnt Impact Me Mental
/issues/budget,"When The American Peopl Blame Republicans, Fox New Blame The Media"
/issues/budget,"Limbaugh On The Govern Shutdown: Democrat Want The Pain, And They Want It Blame On Tea Parti Republican"
/issues/budget,Right-W Media Back GOP Harm ACA Delay Propos
/issues/budget,Fox Varney Dismiss Econom Harm From Govern Shutdown: Not That Big A Deal For Wall Street
/issues/budget,Fox Ramp Up Anti-Health Care Campaign Ahead Of Exchang Implement
/issues/budget,Limbaugh: Senat Chaplain Adopt Leftist Agenda By Pray For An End To Govern By Crisi
/issues/budget,"On Govern Shutdown, It Polit Over Pain"
/issues/budget,The Consequ Of Fox Health Care Defund Campaign
/issues/budget,Fox Hume Detail How Right Wing Media Push GOP To Extreme
/issues/budget,MSNBC Ed Schultz: Steve Dooci Fox Math On The Deficit Is Exactli Wrong
/issues/budget,Fox Latest Canard: Obama Would Rather Negoti With Iran Than The GOP
/issues/budget,Fox Dooci Botch Deficit Reduct Number
/issues/budget,Fox Williams: Hous Republican Are So Dysfunct Theyr Will To Sacrific Our Economi To Defund Health Care
/issues/budget,Fox New Cover For Republican Govern Shutdown Attempt
/issues/budget,Right-W Media Attack On Poverti Out Of Touch With Realiti
/issues/budget,"As Another Budget Battl Looms, Bob Woodward Stick With Both-Sides-Are-To-Blam Tale"
/issues/budget,REPORT: Print Media Shrug Off Econom Inequal
/issues/budget,Fox Guest Bash Obama Over Defens Cut That He Vote For
/issues/budget,Right-W Media Erroneous Compar The Feder Budget To A Household Budget
/issues/budget,Fox Preview New Debt Ceil Fight With Fundament Misunderstand Of Debt
/issues/budget,What WSJ Get Wrong On The Caus Of Higher Colleg Cost
/issues/budget,ABC New Character Head Start Sequest Cut As Obama Bruis Blow
/issues/budget,Fox Gloss Over Former Fox Host John Kasich Polici To Rehab Hi Image
/issues/budget,Fox Hype Fear-Induc Debt Figur
/issues/budget,"WSJ Tout Kasich Prescript For GOP, But Ignore The Side Effect"
/issues/budget,WSJ Stephen Moore: Devast Sequestr Cut Are A Success Free Of Neg Consequ
/issues/budget,Fox Opinion Poll On Obamacar Dont Chang The Fact
/issues/budget,Fox v. Fox On GOP Attempt To Defund Obamacar Through Govern Shutdown
/issues/budget,Conserv Media Figur Campaign For The Dumbest Idea A Republican Senat Ha Ever Heard Of
/issues/budget,Fox Analyt Incorrect Fearmong Over Detroit Bankruptci
/issues/budget,Print Media Relianc On Raw Number Scare Tactic
/issues/budget,REPORT: Print Media Budget Figur Lack Context
/issues/budget,Fox Report Toe The Republican Parti Line To Demon Food Stamp
/issues/budget,Fox Baseless Attack On State Depart Online Outreach
/issues/budget,Wash. Post Dismiss The Harm Impact Of Sequestr Cut To Program For The Disadvantag
/issues/budget,WSJ Moore: Wrong On Infrastructur Fund
/issues/budget,Fox Varney Downplay Cut To Food Stamp Program As Effort To Just Trim It A Littl
/issues/budget,How Right-W Media Enabl A Republican Senat Crusad Against The Needi
/issues/budget,Fox Guest Ask If Sequester-Induc Furlough Are Part Of A Covert Op Plan To Increas Govt Depend
/issues/budget,Cincinnati Enquirer Ignore Massiv State Cut Behind Local Budget Shortfal
/issues/budget,New Studi Further Discredit Reinhart-Rogoff Debt Paranoia
/issues/budget,"To Media, Effect Of Spend Cut Confin To Flight Delay"
/issues/budget,"REPORT: As Pain From Spend Cut Grows, Media Coverag Drop"
/issues/budget,"Collaps Bridges, Collaps Spending, And Neil Cavuto Infrastructur Denial"
/issues/budget,Media Hardli Notic Deficit Drop
/issues/budget,"Despit Dramat Deficit Reduction, Fox  Friend Promot Harm Auster Measur"
/issues/budget,Media Push Econom Inequal To The Backseat
/issues/budget,REPORT: How Network And Cabl New Cover Econom Issue In 7 Chart
/issues/budget,Fox Pretend Govern Cant Help Lower Unemploy
/issues/budget,"Face With Discredit Research, WSJ Doubl Down On Call For Auster"
/issues/budget,Fox Shield Auster Push From Econom Realiti Even Republican Leader Recogn
/issues/budget,Fox GDP Segment Hide How Decreas Govern Spend Hurt Econom Growth
/issues/budget,VIDEO: Media Reli Upon Discredit Reinhart-Rogoff Research To Stoke Debt Fear
/issues/budget,Major Error Undermin Key Argument For Auster Frequent Cite By Media
/issues/budget,Fox Dobbs: Obama Would Be Elate If Everi American Were Depend Upon Hi Administr
/issues/budget,MSNBC Contributors: OReilli 1950 Nostalgia Conveni Forget Higher Tax Rate And Govern Program
/issues/budget,Rove Echoe Bogu GOP Budget Spin To Mislead On Deficit Reduct
/issues/budget,Fox Blame Obamacar Death Panel For Reduc Cancer Treatment Caus By Budget Cut
/issues/budget,"As Exxon Mobil Clean Up Oil Spill, Fox Crowley Suggest It Sponsor Yellowston Nation Park"
/issues/budget,Fox Megyn Kelli Still Imagin Extreme Cypru Bank Seizur Could Happen In U.S.
/issues/budget,"VIDEO: First Greece, Now Cyprus: The Right-W Media Fiscal Fearmong"
/issues/budget,Wall Street Journal Reli On Right-W ALEC To Mislead On Red-Stat Tax Plan
/issues/budget,Fox Dismiss Harm Of Styrofoam Pollut
/issues/budget,OReilli Comparison Of California To Cypru Wrap Old Lie In New Fearmong
/issues/budget,"No, Right-W Media, We Did Not Spend $1 Million On Puppet Amid Sequest"
/issues/budget,10 Exampl Of Bill OReilli Flub Econom
/issues/budget,Fox Host Dismiss Threat Of Furlough From Budget Cut As A Conveni Excuse As Hundr Lose Their Job
/issues/budget,Media Heavi Focu On Nonexist Debt Crisi Ignore Econom Realiti
/issues/budget,Fox Paper Over GOP-Obama Agreement On Debt Stabil With Mislead Quot
/issues/budget,The Media Short-Sight View Of Spend Cut
/issues/budget,Dobb Push Dubiou GOP Attack On Senat Democrat Budget
/issues/budget,The Washington Post Myopic Sequest Critic
/issues/budget,Right-W Media Manufactur Split Between Obama And Carney On White Hous Tour Cancel
/issues/budget,Fox Hype Ryan Budget Attempt To Solv Non-Exist Problem With Food Stamp
/issues/budget,OReilli Call Another Accurat Statement About Presid Obama Crazi
/issues/budget,Fox Regurgit Fals Talk Point To Defend Ryan Budget
/issues/budget,"Despit Get Spend Fact Wrong, OReilli Claim Hi Righteou Anger Elevat The Convers About The Debt"
/issues/budget,Fox Reviv Health Care Myth To Promot Ryan Budget
/issues/budget,OReilli Take Credit For Obama Dinner With GOP
/issues/budget,"Right-W Media Downplay Spend Cuts, Then Blast Obama For Inflict Pain"
/issues/budget,Fox Crowley: Obama Reach Out To GOP May Be A Setup To Blame Them For Futur Econom Problem
/issues/budget,Fox Stuart Varney: Obama Made A Quit Clearli Deliber Decis To Maxim Sequestr Pain
/issues/budget,Fox Still Dismiss Spend Cut As Econom Fallout Begin
/issues/budget,OReilli Berat Another Guest Who Provid Evidenc He Wrong On Spend Cut
/issues/budget,Limbaugh Defend OReilli Fals Claim That Obama Ha Not Propos Cut To Specif Program
/issues/budget,"Confront With Facts, OReilli Scream Bullshit"
/issues/budget,Fox Misleadingli Claim Feder Revenu Is Histor High
/issues/budget,OReilli Push Discredit Claim: There Is No Plan From Obama To Avoid Sequest
/issues/budget,5 Thing Charli Rose- And You- Should Know For Hi Scarborough-Krugman Debat
/issues/budget,Bill Keller Vs. Bill Keller On Obama Balanc Deficit Plan
/issues/budget,Bill OReilli Ignore Economist To Claim We Would Be Fine If We Cut Spend To 2008 Level
/issues/budget,Limbaugh: Obama Concern For Peopl Live Is Feign
/issues/budget,"As Sequest Looms, Media Silenc Economist"
/issues/budget,Fox Guest Blakeman Claim Obama Instruct Hi Govern To Inflict As Much Pain As Possibl Over Sequest
/issues/budget,Limbaugh Accuse Media Matter Of Throw Woodward Overboard After Report Intimid Claim Fall Apart
/issues/budget,Fox Scott Prais Rove As A Veri Good Number Cruncher Befor He Mislead On Budget Cut
/issues/budget,Politico Woodward Warmong
/issues/budget,Woodward Dubiou Intimid Claim Trumpet By Right-W Echo Chamber
/issues/budget,10 Exampl Of Sean Hanniti Say Thing That Arent True
/issues/budget,Limbaugh: Obama Commit An Impeachabl Offens By Releas And Monitor Immigrat Detaine Befor Budget Cut
/issues/budget,OReilli Use Bush Spend To Attack Obama
/issues/budget,Conserv Media Echo Mislead GOP Claim On Health Care Law And The Deficit
/issues/budget,Fox Ignore Obama Long-Stand Offer To Avert Sequestr With Revenu And Cut
/issues/budget,To The Bone: Steve Dooci Whiff On Sequestr
/issues/budget,Fox Legal Analyst Andrew Napolitano Float Obama Impeachment Over Sequest Spend Cut
/issues/budget,Conserv Media Ignore Obama Sequest Plan
/issues/budget,Limbaugh Mock Sequestr Warnings: We Might As Well Just Start Kill Ourselv Now And Get It Over With
/issues/budget,"Limbaugh Doubl Down, Insist He Still Embarrass And Ashame Of Thi Countri"
/issues/budget,Limbaugh: For The First Time In My Life I Am Ashame Of My Countri
/issues/budget,Fox Manufactur Obama Veto Threat For Replac Spend Cut
/issues/budget,Fox New Whitewash Republican Support For The Sequest
/issues/budget,The Sequester: Myth And Fact
/issues/budget,"Limbaugh: I Dont Know What Go To Kill More Peopl Now, Assault Weapons, Global Warming, Or The Sequest"
/issues/budget,Limbaugh: Obama Doesnt Care About Legaci Of Bad Economi Becaus A Bad Economi Is What He Aime For
/issues/budget,Hannity: I Think The Presid A Thief ... He Steal From Our Kid
/issues/budget,Fox Cavuto On Spend Cuts: We Will Never Cut Our Way Into Auster
/issues/budget,Fox Scott On Sequester: $85 Billion ... That Doesnt Seem Like It A Veri Deep Cut Given The Size Of Our Budget
/issues/budget,Fox Scale Attack Sequestr Defens Cut Without Disclos Person Financi Tie To Major Militari Contractor
/issues/budget,Fox Nation State Of The Union Speech Claim Debunk By Fox New
/issues/budget,Scarborough Lament Liber Are Deni Math While Chang Hi Posit On Deficit
/issues/budget,Fox New Forget That GOP Support The Sequest
/issues/budget,WSJ Ignore Expert To Downplay Harm Econom Consequ Of Sequest
/issues/budget,"On Media Matter Radio, Economist Stephani Kelton Discuss The Media Irrespons Clamor for Auster"
/issues/budget,Fox Varney Claim Histor Low Discretionari Spend Is Out Of Control
/issues/budget,Cabl New Debt Ceil Coverag Encourag The Maker v. Taker Framework Economist Reject
/issues/budget,"Media Ignore Econom Growth, Expert Analys In Debt Ceil Coverag"
/issues/budget,REPORT: Econom Growth Absent From Televis Coverag Of Debt Ceil Debat
/issues/budget,Disast Could Be Coming: OReilli Over-The-Top Fearmong About Feder Spend
/issues/budget,Fox Tell Half The Stori On Debt Ceil Fight
/issues/budget,Limbaugh: Real Reason Democrat Havent Present A Budget Is Becaus Theyr Tri To Shield Their Real Plan
/issues/budget,The Wall Street Journal Ignore GOP Prioriti To Accuse Obama Of Demon Hi Opponent
/issues/budget,Eric Boll Mangl Default Debat To Claim Obama Want To Take Spend Power From Congress
/issues/budget,"Ignore The Past, Right-W Media Again Call For Intransig Over Debt Ceil"
/issues/budget,It Health Care: Whi Fox Is Wrong About America Spend Problem
/issues/budget,Fox Carlson Ask Donald Trump If GOP Ha Reach Out To Him For Advice On Deficit Negoti
/issues/budget,Fox Boll Undermin Own Network Constant Claim That The U.S. Is Becom Europ
/issues/budget,UPDATED: Limbaugh Display Hi Own Debt Ceil Ignoranc While Attack CNN Velshi
/issues/budget,Media Ignore Past Spend Cut In Report On Budget Deal
/issues/budget,Fox Know Who To Blame For Boehner Delay Of Sandi Relief Bill: Obama
/issues/budget,Fox Ed Henri Hide The Danger Of Another Debt Ceil Fight
/issues/budget,"VIDEO: For Right-W Media, Greec Is The Word"
/issues/budget,Right-W Media Fals Compar U.S. With Greec To Support Spend Cut
/issues/budget,Wall Street Journal Moor Fals Claim Cut Spend Is The Onli Way To Reduc Debt
/issues/budget,"Praise, Blame, Despair: Right-W Media Cant Decid How To Feel About Boehner Fail Plan B"
/issues/budget,Tax Rate And The Small Busi Zombi Lie
/issues/budget,Fox New Unbalanc Coverag Of Econom New
/issues/budget,Limbaugh Say Baselin Budget Is Like How Women Do Sale At Groceri Stores- Then Amend To Peopl
/issues/budget,Right-W Media Cover Up Sen. Lisa Murkowski Support For Disast Relief Bill
/issues/budget,Limbaugh Charg Months-Old Languag Is Brazen Politic Of Sandi Hook Shoot
/issues/budget,Drudg And Fox New Push Fals Attack Against Disast Relief Bill In Wake Of Hurrican Sandi
/issues/budget,TV New Fail Public With Scoreboard-Over-Subst Approach To Auster Coverag
/issues/budget,Media Reli On Inflammatori Rhetor In Absenc Of Real Econom Debat
/issues/budget,Economist And Econom Absent From Media Coverag Of Debt Debat
/issues/budget,REPORT : TV New Coverag Of Budget Negoti Exclude Economist
/issues/budget,Fox Decept Link Growth Of Food Stamp Program To 2009 Stimulu Bill
/issues/budget,Fox Take Rove Off The Bench To Push Hi Polit Group Mislead Attack
/issues/budget,"Fox Hume: If You Have An Ounc Of Compass Thi Christma Season, Save It For John Boehner And Hous Republican"
/issues/budget,Fox Encourag Another Disastr March To The Brink On Debt Ceil Increas
/issues/budget,Fox Garbl Econom To Claim European Auster Prove Need For GOP Polici
/issues/budget,Fox Busi Guest Curti Sliwa: Obama Is Be Street In Budget Talk
/issues/budget,Fox New Fals Accuse Obama Of Tri To Chang The Constitut
/issues/budget,OReilli Exploit Stori Of Formerli Homeless Veteran To Call For Spend Cut
/issues/budget,Hanniti Outlin What Boehner And Compani Must Do In Budget Talk To Fight For The Soul Of America
/issues/budget,"Despit Bench By Fox, Wall Street Journal Let Rove Continu Push Discredit Claim To Support Republican"
/issues/budget,"MSNBC Joe Scarborough Push GOP Gimmick, Fals Claim Obama Budget Got Zero Vote"
/issues/budget,OReilli Erase Bush Debt To Launch Fals Attack On Obama
/issues/budget,Fox  Friend Bash Obama Over Popular Tax Propos
/issues/budget,Fox Chri Wallac Mangl Obama Debt Ceil Propos
/issues/budget,Fox Krauthamm Claim Ending Tax Cut For Wealthi Will Have No Effect On Deficits- But They Will Gener Billion
/issues/budget,Fox Bill Kristol: The Fiscal Cliff Is Gonna Hurt The Economy- Allegedli ... I Dont Quit Buy It
/issues/budget,Sean Hanniti Urge Republican To Refus To Negoti On The Budget
/issues/budget,Memo To Megyn Kelly: The Senat Never Vote On Obama Budget
/issues/budget,Limbaugh Urge Republican Not To Support Obama Bankrupt Thi Countri By Refus To Negoti Over Budget Cut
/issues/budget,"Argu For Low Tax On Wealthy, Fox Promot Tax Flight Myth"
/issues/budget,Conserv Media Shrug At The Thought Of Another Recess
/issues/budget,"Sean Hanniti Endors Bill Cunningham Advice To GOP To Fight Like Warrior Poets, Like William Wallac In Budget Talk"
/issues/budget,Right-W Media Defend Low Tax Rate For Wealthi By Absurdli Call For Clinton-Era Spend Level
/issues/budget,Fox Gasparino Dismiss Warren Buffett Success Becaus Of Hi Support For High-End Tax Rais
/issues/budget,CNN Sweep Away GOP Intransig On Tax In Budget Talk
/issues/budget,Fox Host Norquist To Erase $1.5 Trillion In Obama Spend Cut
/issues/budget,Fox Defend Wealthi From Tax Increas With Mislead 8.5 Day Talk Point
/issues/budget,Conserv Media Promot Myth To Shield Wealthi From Tax Hike
/issues/budget,Ben Stein Ask Fox Gutfeld: We Need To Rais Taxes. What Do You Care If They Rais Tax On Some Rich Person?
/issues/budget,Fox Attack Infrastructur Spend
/issues/budget,Conserv Media Attempt To Hide Obama Willing To Compromis On The Deficit
/issues/budget,"Compar Apple To Oranges, Fox Butcher Fiscal Cliff Explanat"
/issues/budget,Fox Guest Warn Of An Evil Empire Of Slightli Higher Tax Rate For High Earner
/issues/budget,Fox Dub Paul Ryan Mr. Fix-It
/issues/budget,Fox Cavuto Hide Democrat Willing To Compromis To Avoid Automat Budget Cut
/issues/budget,Fox Lou Dobb On Obama Econom Speech: Thi Wa An Angri Man ... Whi Is He Hector People?
/issues/budget,Fox Kilmead Fearmong About Greece-Styl Riot In America: Should We Put Our Extra Money Into Tear Gas?
/issues/budget,Frum Fault Media For Not Make Work American Econom Anxieti Part Of The Nation Discuss
/issues/budget,Daili Caller Boyl Warn Conserv Not To Cut Deal With Barack Obama
/issues/budget,"On Media Matter Radio, Economist Dean Baker Explain Reason Whi Right-W Media Oppose Social Insuranc Program"
/issues/budget,Wall Street Journal Defens Of Romney FEMA Comment Miss The Point
/issues/budget,Call For Cut FEMA Are Not Come From Inside The White Hous
/issues/budget,Media Mainstream Distort Caricatur Of Obama Agenda
/issues/budget,"Another Debate, Another Litani Of Romney Falsehoods: Will Media Take Note?"
/issues/budget,Fox New Echoe GOP Mislead Definit Of Welfar
/issues/budget,CNN Anderson Cooper Rip Into The Romney/Ryan Tax Plan Mytholog
/issues/budget,WSJ Help Ryan Bolster The Importanc Of The Deficit
/issues/budget,Fox Huckabe Push Misinform On Contracept Mandat And Millionair Muppet Big Bird
/issues/budget,"Sean Hannity: Cut PBS- Is That A Lot Of Money? No, But It A Principl"
/issues/budget,Romney Debat Dishonesti Came Straight From Fox New
/issues/budget,Fox Hype Incorrect WARN Act Charg To Stoke Sequestr Fear
/issues/budget,Wash. Post Columnist Ignore Obama Support For Balanc Approach To Deficit
/issues/budget,Fox Wallac Help Keep Ryan Loophol Dodg Alive
/issues/budget,Fox Win Straw-Man Argument Against Tax Millionair At 100 Percent
/issues/budget,Jennif Rubin Tax Falsehood
/issues/budget,The Conserv Clinton Conundrum
/issues/budget,Fox Hype RNC Debt Clock With Fals Attack On Obama
/issues/budget,"In Rove Alternat Reality, GOP Obstruction Doesnt Exist"
/issues/budget,Hard Truth Vs. Suicid Polici Detail
/issues/budget,"The Case Against The Wonk Narrative, Straight From The Wonk Mouth"
/issues/budget,The Wall Street Journal Hide Ryan Record On Deficit
/issues/budget,The Washington Post Is Too Easili Impress By Paul Ryan
/issues/budget,Fox Kilmeade: It A Sin That The Defens Industri Is Face Budget Cut
/issues/budget,Fox Mike Huckabe Doesnt Understand How The Feder Budget Work
/issues/budget,"On Romney Polici Details, It Jennif Rubin Vs. The World (And Jennif Rubin)"
/issues/budget,Karl Rove Medicar Cut Confus
/issues/budget,We Havent Run The Numbers: A Startl Ryan Admission That Get Littl Attention
/issues/budget,Rachel Maddow On Media Descript Of Ryan: Fiscal Conserv Is Not One Of The Thing You Realli Can Say About Him
/issues/budget,"Did He Read It? To Prove Ryan Medicar Claim, Limbaugh Cite Articl That Debunk Ryan Medicar Claim"
/issues/budget,Fox Ignore Wyden Reject To Invent Bipartisan Support For Ryan Plan
/issues/budget,Jennif Rubin Select Attention To Detail
/issues/budget,Fox Spin Ryan Harm Medicar Plan As Safe For Senior
/issues/budget,Fox Kirsten Power Deflat Myth That Paul Ryan Ha A Histori As A Devot Deficit Hawk
/issues/budget,CBS Face The Nation Is Unawar That Obama Ha A Deficit Reduct Plan
/issues/budget,Media Let GOP VP Pick Shift Focu From Job To Deficit
/issues/budget,Fox New Hide The Presid Budget Plan
/issues/budget,Paul Ryan: The Romney Run Mate The Right-W Media Demand
/issues/budget,Fox Push Bogu Charg That The Affordabl Care Act Will Not Decreas The Deficit
/issues/budget,Fox Hide Half The Stori On Automat Spend Cut
/issues/budget,A Misinform Attack On A Solar Tax Credit
/issues/budget,What AP Isnt Tell You About Abound Solar
/issues/budget,Fox Reviv Falsehood That Public Sector Pension Are Bankrupt Govern
/issues/budget,Boll Use Doughnut To Demonstr Hi Lack Of Understand Of The Deficit
/issues/budget,"U.S. Could Use More Infrastructur Spending, Not Less"
/issues/budget,Fox Carlson Ask Rep. Ryan Whi Hi Messag Isnt Convinc Half Of The American Public Who Support Obama
/issues/budget,Fox Let Mitch McConnel Off The Hook For Block Job Bill
/issues/budget,"Fox Cavuto Argue Against Pension For Police, Firefighters, And Others: We Should All Have Chateau Briand Everi Night, But We Dont"
/issues/budget,Media Malpractic In Clinton-Summ Stori Provid Fox Cover To Continu Misinform
/issues/budget,Fact: Bill Clinton And Larri Summer Agree With Obama On Bush Tax Cut
/issues/budget,"CBO Report Show Stabl Budget Is Possible, But Media Hype Grim Scenario"
/issues/budget,Fox Tout Walker Win As Valid Of Harm Auster Polici
/issues/budget,Fox Juan William Confront The Five With Fact Of WI Gov. Walker Worst-Perform Economi In Midwest
/issues/budget,Congression Expert Ornstein And Mann Illustrat How GOP Is To Blame For Polit Gridlock
/issues/budget,"Though Expert Agree Spend Cut Hurt The Economy, Media Amplifi GOP Attack On Obama Polici"
/issues/budget,"New Stimulu Report, Same Bogu Cost-Per-Job Analysi From Right-W Media"
/issues/budget,MarketWatch Column On Obama Spend Restraint Stand Up To Attack
/issues/budget,Fox Help GOP Gut Vital Antipoverti Program By Dismiss The Poor
/issues/budget,Debunk Fox  Friend Dishonest Anti-Obama Attack Ad
/issues/budget,"Despit Be Warned, Right-W Media Buy Into The BS Claim About Obama Spend Record"
/issues/budget,Fox Whitewash Mitch Daniel Deficit Record As Bush OMB Chief
/issues/budget,"Despit Note Europ Fail Economies, David Gregori Question Whether Auster Ha Fail"
/issues/budget,Fox Straight New On The Debt Ceil Debate: It A Showdown Over Out-Of-Control Spend In Washington
/issues/budget,"Fox Perino: CA Gov. Brown YouTub Video On State Budget Is A Chicken Move That Done By, Like, Dictat"
/issues/budget,Fox Kilmeade: WI Recal Election Is The Union Against What Is Now ... The Realiti Of Our Econom Situat
/issues/budget,Fox Straight New Anchor Martha MacCallum Fair And Balanc Coverag Neither Fair Nor Balanc
/issues/budget,Fox Cavuto On French Elections: What If Thi Is A Worldwid Push To Rais Tax On All Rich Folks?
/issues/budget,Fox Tout Fail Fiscal Auster Measur
/issues/budget,Fox Jim Angle Reli On Discredit Argument About GOP Budget Cut To Attack Julia Campaign Ad
/issues/budget,"No Matter How Right-W Media Spin It, Million Would Feel Sharp Effect Of GOP Budget"
/issues/budget,Fox Use Mislead Number To Attack Obama Econom Record
/issues/budget,Rosen Uproar Is A Distract From Polici That Hurt Women Econom Opportun
/issues/budget,Tucker Carlson Place Blame For Countri Grave Debt: The Middl Class Is Addict To Entitlement
/issues/budget,Fox Jim Angle Hide Paul Ryan Budget Sleight Of Hand
/issues/budget,Fox Carlson Fals Suggest Biden Told First Respond To Ignore The Rich
/issues/budget,Plain Dealer Kevin OBrien Push The Paul Ryan Budget While Ignore Realiti
/issues/budget,Courage: Fox Laud Ryan For Budget That Econom Expert Call Grossli Irrespons
/issues/budget,Fox  Friend Host Ryan For Softbal Budget Interview: Everyon Respect The Work Your Do
/issues/budget,Fox Regular Steve Moor Prais Rep. Ryan For Have Heroic And Gutsili Taken On These Enormou Entitlement Program
/issues/budget,"Fox Doocy: Unlike Obama, Rep. Ryan Is Seriou About Make Social Security, Medicaid, And Medicar Work"
/issues/budget,"Fox Straight New Anchor Gregg Jarrett: We Have To Cut Spending, Obviousli"
/issues/budget,Conserv Media Promot Bogu Chart On Nation Debt
/issues/budget,Fox Figur Argue For Harm Spend Cut
/issues/budget,Dick Morri Use Fals Labor Forc Attack To Spin Unemploy Number
/issues/budget,"Kilmead Claim Obama Budget Is Not Tackl Entitlements, Which I Think Is Basic A Crime"
/issues/budget,Limbaugh: Obama Is Promis The Taker That He Go To Take Even More From The Produc
/issues/budget,Varney: Obama Budget Fund For Teacher And First Repond Is A Sop To The Union
/issues/budget,Sean Hanniti Falsifi CBO Data To Make Hi Case That Obama Re-Elect Would Be A Disast
/issues/budget,Fox Ramsey: Last Night Our Presid Declar War On Success
/issues/budget,Fox Target Tini Grant Program Help Local Commun
/issues/budget,Varney: I Think Four More Year Of Obama Will Bankrupt America
/issues/budget,Straight New Anchor McCallum: So Much Of That Leadership Is Come From The State Level Where They Are Tri Auster Move
/issues/budget,Fox Asman On GOP Messaging:  The Govern Doe Not Deserv Another Dime. Shouldnt That Be The Way It Phrased?
/issues/budget,"Nation Review Kevin Williamson: If Current Econom Polici Continue, Your Go To Want To Have A Veri Good Gun"
/issues/budget,"Fox Bolling: A Presid McCain, Or A Presid Conservative, May Have Stop Adding To The Nation Debt"
/issues/budget,Straight News? Fox MacCallum Tell GOP Senator: Peopl Are Say Obama Did Not Show Leadership On Deficit Deal
/issues/budget,Fox Fals Suggest Obama Hasnt Put Forward A Deficit Plan
/issues/budget,WSJ Noonan Readi To Blame Obama If Super Committe Fail To Reach A Deal
/issues/budget,Bill OReilli Demand Supercommitte Tripl Spend Cut And Set Aside Revenu Increas
/issues/budget,Fox Eric Boll Tape A Bumper Sticker To Hi Hat To Bash Obama
/issues/budget,Right-W Media Lay Groundwork To Blame Obama If Super Committe Doe Not Reach A Deal
/issues/budget,Georg Will Disappear Year Of Econom Growth
/issues/budget,Right-W Media Use CBO Director Testimoni To Launch Bogu Attack On Stimulu
/issues/budget,"Honest Moment? Cavuto Admit Rich Peopl Like Ben Stein Are So Wealthi They Dont Have To Worri About Deficit, Tax Debat"
/issues/budget,"Greg Gutfeld Class Warfare: Occupi Protest Are Takers, Tea Partier Are Maker"
/issues/budget,Laffer: Stimulu Is The Reason We Have ... High Unemploy And The Worst Recoveri Sinc The Great Depress
/issues/budget,Muffin-g Update: Mani Outlet Fail To Correct Half-Bak Allegat
/issues/budget,Colbert Mock Fox Muffin-G Freakout
/issues/budget,BREAKING: DOJ Inspector Gener Retract $16-Muffin Claim
/issues/budget,Much Ado About Muffin: The Media Failur To Report The Truth About Muffin-g
/issues/budget,The All-Spin Zone: OReilli Make A Hash Of Obama Econom Record
/issues/budget,Tantaros: The Onli Thing Stop Thi Job Bill From Come To A Vote Are The Democrats.
/issues/budget,Market Bull: WSJ Moor Tie Stock Market Fall To Obama Deficit Reduct Plan
/issues/budget,Out Of Proportion? The Solyndra Media Storm By The Number
/issues/budget,MSNBC Chri Hay Discuss Econom Issue With Actual Economist
/issues/budget,NBC David Gregori Fact On Buffett Rule Echo Flaw AP Fact Check And Right-W Talk Point
/issues/budget,Former Bush Speechwrit Gerson: Obama Swamp Recycl Job Plan With Class Warfar Rhetor
/issues/budget,Fox Promo: Whi The Latest Threat Of A Shutdown Could Be Good For America
/issues/budget,Reaching: Fox Twist Clinton Approval Of Buffett Rule To Suggest He Doesnt Approve Of Buffett Rule
/issues/budget,Fox Report Use Outdat Figur To Scaremong About Unfund Liabil
/issues/budget,REPORT: Economist Shut Out Of Debt-Ceil Debat
/issues/budget,Limbaugh: Liber Love The Thought That Somebodi Might Get Kill By Obama Deficit-Reduct Propos
/issues/budget,Fox Attack Obama For Push Back Against Fox-L Class Warfar Attack
/issues/budget,Fox Johnson: Presid Obama Clear Strategi Is Divid And Conquer With Class Warfar
/issues/budget,Perino: Obama Push Back Against Class Warfar Charg Is Throw Compromis Out The Window
/issues/budget,Fox Again Cri Class Warfar
/issues/budget,Carlson Pretend Capit Gain Arent Income To Attack Obama Tax Plan
/issues/budget,Broken Record: Dooci Again Complain Tax The Wealthi Is Class Warfar
/issues/budget,Fox Jim Angle Decides: GOP Plan To Lower Tax Rate Would Boost Econom Growth And Perhap Job Creation
/issues/budget,Fox Tantaro Complain That The Crux Of Everyth Obama Will Propos In Speech Is The Govern
/issues/budget,Right-W Media Preview Obama Job Speech By Push Myth That Stimulu Fail
/issues/budget,Fox Boll Forward Myth That Texa Economi Demonstr Success Of Conserv Polici
/issues/budget,Right-W Media Distort Blog Post To Bash Obama Nomine Krueger Over VAT
/issues/budget,Fox Beckel Call Out Co-Host Eric Boll For Turn Hurrican Irene Into An Obama Shot
/issues/budget,Fox Bolling: Mayb Rick Perri Meant To Say Treacher Instead Of Treason
/issues/budget,Note To Cal Thomas: Virginia Budget Surplu Wa Made Possibl By Stimulu Fund And Budget Trick
/issues/budget,Fox Stuart Varney Worri Obama Will Use Hurrican Irene As Excuse To Spend
/issues/budget,Fox Varney Push Bogu Theori That S&P Presid Resign Wa An Act Of Reveng By Obama Administr
/issues/budget,Rush Sub Belling: Obama Idiotic Stimulu Program Is Spend That Obama Give To All Of Hi Pal
/issues/budget,CBS Mark Knoller Whitewash Bush From 2009 Deficit
/issues/budget,Limbaugh: I Hope Somebodi Slap A We Shall Overspend Bumper Sticker On Obama Tour Bu Instead Of We Shall Overcom
/issues/budget,Wash. Time Kuhner: Obama Is A Campu Radic And American Should Drive Him From Office
/issues/budget,Carlson Ask Whi Peopl Are So Mad That Steyn Claim America Deserv A Credit Downgrad
/issues/budget,Bolling: Obama Should Get Hi Butt Back To D.C. Or Peopl Will Look Back And See A Drift Presid
/issues/budget,Morris: Bachmann Can Use The Event Of The Last Week To Show That She Wa Right In Vote Against The Debt Deal
/issues/budget,Beck: Democrat Choic For Supercommitte On Debt Are Intend To Bring London-Styl Riot To U.S.
/issues/budget,Carlson: Mark Steyn Made A Logic Point That U.S. Should Not Be Triple-A Rate
/issues/budget,"Fox Guest Morici: Obama Push For Spending, Which Remind Me Of An Alcohol Who Deni He Ha A Problem"
/issues/budget,Dittoheads: Fox New Turn To Rush Limbaugh For Talk Point
/issues/budget,Fox News: Trump For Treasury!
/issues/budget,Rush Limbaugh Downgrad Econom Literaci
/issues/budget,Fox Attack On Geithner Hit A Snag
/issues/budget,"Coulter: Democrat Dont Care If Thi Countri Becom Zimbabwe, As Long As They Keep Get Elect"
/issues/budget,Fox New Get It Downgrad
/issues/budget,"Note To Limbaugh: If Barney Frank Is Sing From Chi-Com Hymnal, So Are Conserv Lawmak"
/issues/budget,Fox Predict Rush To Defend Tea Parti From Critic Follow S&P Downgrad
/issues/budget,"After Cheer For Econom Harm Default, Boll Lament Potenti Effect Of Downgrad"
/issues/budget,Bolling: They Want To ... Say Tea Parti Downgrade? Im Go To ... Call It What It Is. It An Obamanom Downgrade.
/issues/budget,Note To Fox: Ed Henri Report Bush Polici Contribut To Debt
/issues/budget,Fox Huckabe Respond To Credit Downgrade: Ask Donald Trump To Be Treasuri Secretari
/issues/budget,"Fox Busi Gasparino: Obama Administr Ha Lost The USA AAA Rating, Boehner Wasnt The One Spend"
/issues/budget,"Van Susteren: Peopl Are Point Finger At Obama, Say He Bungl The Debt Ceil Debat"
/issues/budget,CNN Erickson Giddi About Downgrad Of U.S. Credit Rate
/issues/budget,Dooci Reviv Bogu Cost-Per-Job Math To Attack Stimulu
/issues/budget,Boll Give Tea Parti Credit For It Opposit To Rais The Debt Ceil
/issues/budget,Dooci Decides: Stimulu Wa A Pork Project That Wa The Wrong Thing To Do
/issues/budget,"After Insist Debt Wa Issue Number One, Fox Slam Obama For Pivot To Job"
/issues/budget,"Limbaugh: Obama, Democrat Just Held A Gun To The American Economi To Feed Spend Addiction"
/issues/budget,Limbaugh Compar Compromis With Democrat On Debt To Compromis On Slaveri
/issues/budget,Carlson Push Myth That The Stimulu Fail
/issues/budget,Doocy: Obama Is Blame Republican Instead Of Say All These Program Didnt Work
/issues/budget,Doocy: Obama Econom Adviser Were All Wrong And Now We Are Tri To Put The Piec Back Togeth
/issues/budget,More Market Bull: OReilli Say Call For Stimulu Are Scare Investor
/issues/budget,Deficit Hawk? Limbaugh Cheer Feder Govern Revenu Loss From FAA Stand-Off
/issues/budget,Fox Push Impossibl Claim That U.S. Could Soon Becom Like Greec
/issues/budget,"Fox Creat Dawn Of The Debt Movi Trailer Splice Debt Report With Riot Footage, Pig Oink Over Pelosi"
/issues/budget,Fox Hypocrisy: Call Opponent Terrorist Edition
/issues/budget,Market Bull: Cavuto Suggest Specter Of Tax Hike Caus Stock Market Declin
/issues/budget,Dobb Conspiraci Theory: Moodi Rate Agenci Is Push Tax Hike In Support Of The Administr
/issues/budget,Gutfeld Compar Panel Creat By Debt Deal To Fatal Attraction When You Thought Glenn Close Wa Dead
/issues/budget,"REPORT: After Default Crisi Deal Struck, Fox Turn To GOP For Analysi"
/issues/budget,Glenn Beck Draw Line From The Debt Deal To World War III In Two Minut Flat
/issues/budget,"Beck Respons To Debt Limit Deal Provisions: Quit Honestly, They Are Tri To Blow Up The Unite State Of America"
/issues/budget,Fox Ablow: Washington Ha An I.V. Right In Our Vein And Is Keep Us Intoxic On Cheap Money
/issues/budget,"With Big Old Tea Bag, Boll Say Thank You To The Tea Party; Advise Them To Take The Win"
/issues/budget,"Gutfeld: Domest Spend Increas Dependence, While Defens Spend Increas Preserv Independ"
/issues/budget,Limbaugh Dismiss Default Concern And Downplay Govern Shutdown
/issues/budget,Fox Default To Bad Econom Polici Dure Debt Ceil Debat
/issues/budget,Limbaugh: It Probabl Just A Coincid That Hous Is Vote On Debt Deal Dure Hi Show
/issues/budget,"Beck: U.S. Credit Will Be Downgrad After Debt Deal, Tanks, Soldiers, And Social Program Where Were All Hug Tree Will Be Gone"
/issues/budget,Beck Tell Member Of Congress: Oppose Debt Deal If You Still Have A Soul
/issues/budget,Doocy: Share Sacrific Mean Expand Taxpay Base To 51% Who Dont Pay Feder Tax
/issues/budget,"Dooci Defend Tea Party, Fals Suggest Democrat Refus To Budg In Default Talk"
/issues/budget,Fox Use Life Cereal Ad To Explain Whi Senat Will Be First To Vote On Rais Debt Ceil
/issues/budget,"Tammi Bruce: As Long As Saboteur Obama Is In Office, We Wont Get Anyth Done On Debt Crisi"
/issues/budget,Fox Varney Absolut Agree With Napolitano That U.S. Doesnt Deserv AAA Credit Rate
/issues/budget,Dobbs: Moodi Show Partisanship By Discuss Downgrad In Midst Of First Respons Action Sinc 1999 On The Budget
/issues/budget,Boll Blame Obamanom For Thi Debt Talk That Drive The Economi Into The Ground
/issues/budget,"Boll Tell Tea Parti To Hold Firm, Make Sure You Dont Let Them Burn The Rest Of The Hous Down"
/issues/budget,Right-W Media Mount Last-Ditch Effort To Hold The Line And Risk Default
/issues/budget,Limbaugh Lash Out At Conserv Media For Write From A Posit Of Fear And Tell Us To Cave On Debt Deal
/issues/budget,Fox Bill Hemmer Doesnt Quit Get Thi Whole Default Thing
/issues/budget,Limbaugh Order GOP: Winner Do Not Compromis
/issues/budget,Wall Street Journal Steve Moor Downplay Shut Down Part Of The Govern If Budget Deal Not Reach
/issues/budget,Limbaugh: If There Is A Default It Becaus Obama Want There To Be One
/issues/budget,Deficit Not A Spend Problem: Fox Mislead On Revenu Increas
/issues/budget,Bozel Fals Claim Onli GOP Offere Solut To Default Crisi
/issues/budget,"Doocy: If Reid Realli Want To Do Something, Hed Act On Cut, Cap, and Balanc"
/issues/budget,Whi Is The Media Treat Judson Phillip Like A Seriou Tea Parti Spokesman?
/issues/budget,"Dick Morris: Office That Would Close Without Debt Ceil Rais Are The One We Dont Much Care About, Like The FCC And NLRB"
/issues/budget,Juan William Confront Hanniti On Debt Crisis: You Are So Myopic. ... You Are Not Honest
/issues/budget,Limbaugh Advocat Massiv Cut Under The Guis Of A Spend Freez
/issues/budget,Straight New Hemmer Push GOP Plan To Increas Debt Ceil Just Enough To Last For 6 Month
/issues/budget,Fox Claim Save In Reid Plan Are A Gimmick- But Tout Ryan Plan With Same Save
/issues/budget,Malkin Fals Suggest Dem Have Not Offere Debt Ceil Plan
/issues/budget,Boll Dismiss Consequ Of Govern Inabil To Pay All It Bill In Event Of Default
/issues/budget,Hanniti Channel Beck: U.S. Is On A Path To Becom Greece. The Countri Go To Burn
/issues/budget,"Fox Napolitano Argue U.S. Doesnt Deserv Top Bond Rate Becaus We Dont Pay Our Debt From Our Wealth, We Borrow Money"
/issues/budget,Stossel Lament: Republican Used To Say We Should Get Rid Of Educat Depart But They Dont Say That Anymor
/issues/budget,Fox Senior VP Of Busi New Cavuto: I Would Welcom A Downgrade. ... I Think It Would Be The Pain From Which We Have A Gain
/issues/budget,"Ignore Debt Limit Talks, Right-W Media Fals Claim Obama Had No Plan To Reduc Deficit"
/issues/budget,Limbaugh: It Simpl To Fix The Debt Issue. It Call The Balanc Budget Amendment
/issues/budget,The Wall Street Journal: Where Call Rush Limbaugh Constitut Stay Behind The Scene
/issues/budget,Doocy: Boehner $350 Billion Miscalcul On Debt Plan Wa A Littl Boo-Boo On Estimat
/issues/budget,Dooci Wonder If The Presid Of The Unite State Want A Crisi
/issues/budget,Fox  Friend Graphic Suggest Obama Default Crisi Address Wa Prime-Tim Propaganda
/issues/budget,Fox Napolitano Wildli Overstat The Level Of Govern Spend
/issues/budget,Stossel: Peopl Who Dont Know What The Debt Is Shouldnt Vote. ... Whi Should Dummi Vote?
/issues/budget,"Fox MacCallum: If We Didnt Have A Social Safeti Net, Wed Be In A Much Better, Stronger Fiscal Posit To Wage War"
/issues/budget,Limbaugh: It Not Possibl For The U.S. To Default On It Debt
/issues/budget,Predictable: Right-W Media Strain To Attack Obama Default Crisi Address
/issues/budget,Right-W Media Attack Obama For Call For A Balanc Approach To Default Crisi
/issues/budget,Fox Straight New Anchor Hemmer Dismiss Warn About Social Secur As Attempt To Scare Senior
/issues/budget,"On Fox, Babbin Claim Hi Son Wont Have Social Secur Or Be Able To Buy A Decent Hous ... Thank To Thi Presid"
/issues/budget,Doocy: Obama Is Inadvert Tank The Economi By Amping Up The Possibl Of A Downgrad
/issues/budget,Doocy: Obama Doesnt Want A Short-Term Debt Deal Becaus It Would Mess Up Hi Reelect
/issues/budget,"Fox  Friend Whine Obama Blame Bush, Blame The Rich In Address Nation On Default Crisi"
/issues/budget,Doocy: Tax The Wealthi Is So Last Week
/issues/budget,Wash. Time Misappropri The Gipper Record On Tax And Debt Ceil
/issues/budget,Cavuto Fair And Balanc Speech Coverage? Not So Much
/issues/budget,Fox MacDonald: Obama Stir The Wrath Of Grandma Everywher When He Threaten Their Social Secur Check
/issues/budget,OReilli Claim Obama Buy Into ... To A Certain Extent The Idea Of Some On The Far Left Who Want The Capitalist System To Collaps
/issues/budget,Trump: Republican Would Be Crazi To Settl For Less Than 100 Percent Of The Deal That They Want
/issues/budget,Fox Continu To Ignore Realiti Regard Bush Respons For Deficit
/issues/budget,Townhall.com Editor: Obama Is Realli Good At Using Crisi As A Way To Get Polit Point
/issues/budget,Kilmeade: Is It Possibl Obama Wa Never Seriou About A Solut To Default Crisis?
/issues/budget,"Ignore Economists, Jarrett Adamant That U.S. Wont Default If Aug. 2 Deadlin Is Not Met"
/issues/budget,"Wallac Respond To Geithner Warn On GOP Devast Deficit Plan By Saying, At Least They Have A Plan"
/issues/budget,Cavuto Downplay Concern Over Default As Demagogu
/issues/budget,Gasparino: It An Outrag ... Overstat To Say We Could Default On Our Debt If We Dont Rais The Debt Ceil
/issues/budget,Cavuto Host Herman Cain To Blame Obama For Debt Standoff
/issues/budget,Coulter Endors Boll Conspiraci Theori That Moodi Is In Bed With The Obama Administr
/issues/budget,Andrea Tantaro Repeat Fox Fals Mantra That Obama Polici Are To Blame For Debt Standoff
/issues/budget,Bozel Downplay Reagan Warn Against Risk Default
/issues/budget,Steyn Amuse By The Fact That Debt Ceil Is Reach The Day Befor Obama Birthday (Even Though It Not True)
/issues/budget,"Fox Continu To Ignore Economist To Push For Cut, Cap, And Balanc"
/issues/budget,Dooci Doesnt Understand Whi Balanc Budget Amendment Is Not Realist
/issues/budget,Kilmead Suggest Reid Is Kill The Republican Budget Deal Becaus He Afraid That It Might Work
/issues/budget,"Fox Set The Tone: If U.S. Defaults, Obama To Blame"
/issues/budget,"OReilli Spin Debt Showdown: The Fact Are, It Obama Fault Becaus Of The Fact That He Spent That Much Money"
/issues/budget,Beck: We Have To Have A Balanc Budget Amendment Or We Dont Surviv
/issues/budget,Beck Lobbi For Balanc Budget Amendment That Economist Call Unsound
/issues/budget,"Limbaugh Blame Obama For Econom Crisis, Call Debt A Full-Fledge, 130 Percent Spend Problem"
/issues/budget,Limbaugh Attack Possibl Debt Compromis By Gang Of Six: Thi Gang Of Crap Start With Murder ... Chi Com
/issues/budget,Fox Distort Clinton To Claim He Attack Obama Over Default Crisi
/issues/budget,Kilmead Suggest Bill Clinton Just School Presid Obama On The Budget Mess
/issues/budget,Fox  Friend Defend GOP Plan On Default Crisi While Attack Carney Worst Moment As Press Secretari
/issues/budget,"Morri Claim Failur To Rais Debt Limit Is Not Armageddon, Not Default"
/issues/budget,Fox Gutfeld: Feder Govern Is Fight For More Food When We Should Be Starv It To Death
/issues/budget,UPDATED: Fox Rush To Dismiss Poll Critic Of GOP
/issues/budget,Dooci Claim Obama Is Tri To Gin ... Up Default Crisi As If It The End Of The World
/issues/budget,Fox Camerota Declar GOP Balanc Budget Amendment Make Perfect Sens
/issues/budget,Hannity: Spend Is Like Crack Cocain For These Guy In Washington
/issues/budget,"On Hannity, Dick Morri Tell Viewer To Write To The Senat And Their Congressman To Demand Huge Spend Cut"
/issues/budget,Brit Hume: GOP Newcom Dont Fulli Recogn How Sever The Consequ Could Be If Debt Ceil Isnt Rais
/issues/budget,Big Govern Downplay Concern Over Default Despit Warn From Expert
/issues/budget,Fox New Lobbi For Balanc Budget Amendment That Econom Expert Say Would Hurt The Economi
/issues/budget,Right-W Media Cheerlead Default To Defeat Obama In 2012
/issues/budget,Doocy: D.C. Is A Machin That Just Is Realli Good At Suck The Money Out Of Our Wallet
/issues/budget,Fox Line Declar Obama Want To Use The Rich To Fix Hi Spend Problem
/issues/budget,Wash. Time Latest To Urge GOP To Refus Compromis With Dem In Default Crisi Talk
/issues/budget,Kristol Push Myth That The Stimulu Fail
/issues/budget,Fox Clayton Morri Credit Grover Norquist With Help Realli Drive Thi Debat On Debt Ceil In Washington
/issues/budget,"Right-W Media Reviv GOP Talk Point That Deficit Is A Spend Problem, Not A Revenu Problem"
/issues/budget,Kuhner Latest Right-W Media Figur To Downplay Default Consequ
/issues/budget,"Fox Chri Wallace: Forgiv Me, Im One Of Those Peopl Who Think Go Into Default Would Be A Bad Thing"
/issues/budget,Beck Again Downplay Debt Crisis: There Is No Default. Default Is A Red Her
/issues/budget,Juan William Warn Hannity: It Hurt Your Credibl To Dismiss Default Concern
/issues/budget,Expert Debunk Fox Jarrett Attempt To Downplay The Consequ Of Not Rais The Debt Ceil
/issues/budget,"Right-W Media Prais GOP For Walk Out On Default Crisi Talks, Now Attack Obama"
/issues/budget,Fox Cherry-Pick Poll To Bash Obama On Debt Ceil
/issues/budget,"Beck Downplay Debt Crisis: Govern Wont Default, Will Just Stop Pay For Frivol Thing"
/issues/budget,Malkin Accuse Obama Of Have A Hissi Fit Dure Default Crisi Talk
/issues/budget,Fox  Friend Compar Obama Leav Debt Talk To Real Housew Of New Jersey
/issues/budget,Moder Frank Luntz Chide Fox Focu Group After Respons To Hi Question: Oh Come On. Seriously?
/issues/budget,"While Accuse Obama Of Fearmong On Debt, Dobb Warn That Push Through A Deal Will Screw Up The Market"
/issues/budget,"OReilly: No Matter How The Debt Debat Turn Out, Liber America Will Lose"
/issues/budget,Limbaugh Bring Obama Famili Into Debat About Debt Ceil
/issues/budget,Fox Fact Check Of Obama Social Secur Comment Leav Out The Fact
/issues/budget,Fantasyland: Beck Claim It A Lie That The Presid Cant Guarante Social Secur Benefit
/issues/budget,Fox  Friend Graphic Accuse Obama Of Exploit The Elderli To Rais Debt Limit
/issues/budget,"Erickson: Obama Declar Hi Willing To Shoot Hi Hostages, i.e. Senior Citizen"
/issues/budget,"Morris: Obama Is Like An Alcohol With Stimulus, Say If I Could Have Had Just One More Drink, I Would Be Fine"
/issues/budget,Carlson: Is The Presid Tri To Scare You Into Increas The Debt By Threaten Social Security?
/issues/budget,Kuhner: GOP Should Make Debt Ceil Crisi Obama Waterloo
/issues/budget,Hanniti Continu Downplay Default Concern
/issues/budget,"Limbaugh: If There Is A Collaps Or A Default, It Someth That Obama Want And Ha Plan"
/issues/budget,Kilmeade: Can Obama Force-Fe The GOP A Diet Of More Spending?
/issues/budget,Carlson: Some Republican Are Asking Whether Debt Ceil Deadlin Is A Democrat Ploy
/issues/budget,Right-W Media Figur Push Boehner To Abandon Debt Talk
/issues/budget,Beck: I Dont Know How These Clown Dont Get It That Cut Tax Increas Revenu
/issues/budget,"Compar TX To Germany, Beck Says, You Dont Want Germani To Pay For Everybodi Else. ... That Ended Poorli Befor"
/issues/budget,Fox Mike Huckabe Mimic Beck Violent Rhetor
/issues/budget,Krauthammer: Comment By White Hous Adviser David Plouff Are Pure Obama Condescens
/issues/budget,Huckabe Liken Obama Econom Polici To Drop A Lit Match Into A Can Of Gasolin
/issues/budget,Limbaugh Usher Listen Into Fantasyland On Debt-Ceil Risk
/issues/budget,"Limbaugh: If There Is A Cave By Hous Republican On Thi Debt Limit ... You Can Say Goodby To RNC, It Will Implode"
/issues/budget,How Mani Time Can Bill OReilli Say Income Redistribut In 45 Seconds?
/issues/budget,"Limbaugh Wish He Could Have Advise GOP Leader Befor Debt Meeting: If They Would Listen, Everyth Could Be Cool"
/issues/budget,Fox  Friend Host Parad Of GOP Official Ahead Of Default Crisi Talk
/issues/budget,Fox Crop Obama To Fals Accuse Him Of Not Answere Boehner Twitter Question
/issues/budget,Varney Still Claim Obama Econom Recoveri Polici Flat Out Didnt Work
/issues/budget,Fox David Asman Promot Tea Parti Debt Commiss
/issues/budget,Fox Liz MacDonald Agree With Neal Boortz: Dem Are Wage Class War On Behalf Of The Moocher Class
/issues/budget,"Limbaugh To GOP Member Of Congress: Make Obama Cave On Debt Talks, Or Youll Be In Big Troubl For Re-Elect"
/issues/budget,Kilmead Use Bogu Stimulu Math To Ask If It Realli A Good Use Of Our Money
/issues/budget,Fox Host GOP Chair To Launch A New Media Campaign About The Economi
/issues/budget,Napolitano Again Cheer Potenti Shutdown: Peopl In Minnesota Are See How Much They Dont Need The Govern
/issues/budget,"On Fox, WSJ Taranto Adopt Right-W Defens Of Corpor Jet Tax Break: Obama Comment Were Pure Class Warfar"
/issues/budget,Limbaugh: Obama And The Democrat Are Parasit Take Direct Aim At The Produc And The Achiever 
/issues/budget,"On Fox, WSJ Stephen Moor Downplay Risk Of U.S. Default On Debt"
/issues/budget,FLASHBACK: Right-W Media Who Claim Govt. Cant Afford NPR Fund Now Defend Tax Break For Jet
/issues/budget,"Adopt GOP Talk Point, Fox Claim That Obama Wasnt Involv In Default Crisi Talk"
/issues/budget,"Beck: Obama Show Hi Sheer, Unadulter Disgust For The Wealthy, The Success Dure Press Confer"
/issues/budget,"Bolling: All These Economics, These Stimulu Programs, Obamanomics, Epic Fail"
/issues/budget,Monica Crowley On Follow the Money: Obama Is Tri To Deliber Bankrupt Us
/issues/budget,Ingraham: Obama Scaremong With Ludicr Statement That We Cant Pay Our Bill If Debt Ceil Isnt Rais
/issues/budget,"Fox Varney: Oil Subsidi Are Wonder Becaus I Want To Encourag Oil, Encourag Coal"
/issues/budget,Right-W Media Attack Revenu Increas As Solut To Default Crisis- Conserv Economist Disagre
/issues/budget,Limbaugh On Debt Default: We Do Not Need To Rais The Debt Ceiling. There Is No Crisi
/issues/budget,"Kilmead Rant Against Stimulus, Claim There No Sentiment At All On Either Side For Addition Stimulu Spend"
/issues/budget,Fox New Headlin Is A GOP Press Releas
/issues/budget,Fox Boll Call California That Banana Republ On The West Coast
/issues/budget,"Unlike Conserv Economists, Limbaugh Believ Lower Tax Increas Revenu"
/issues/budget,"Come Out In Support Of Econom Catastrophe, Limbaugh Say The Debt Ceil Doesnt Need To Be Rais"
/issues/budget,Carlson: Should Obama Stop Blame Bush And Actualli Come Up With An Econom Polici For The Future?
/issues/budget,Fox  Friend Cant Think Of Anyth In Obama Econom Polici That Ha Work
/issues/budget,"Meet The Press, Econom Expert Diverg On Obama Econom Record"
/issues/budget,OReilly: We Dont Have Enough Money To Continu To Invest In Green Energi
/issues/budget,"After Show Obama Advocat Investment In Clean Energi And Education, OReilli Direct Him To Stop That Kind Of Stuff Right Now"
/issues/budget,Right-W Media Hype Pawlenti Econom Plan- Which Expert Call A Joke
/issues/budget,Conserv Media Pick Theme For GOP 2012 Campaign: Obama Made The Economi Wors
/issues/budget,Fox Eric Boll Equat First-Tim Homebuy Credit To Offere Drug-Addict Junk
/issues/budget,Work Of Moodi Economist Contradict Napolitano Interpret Of Moodi Statement
/issues/budget,"Unlike Other Outlets, Ed Show Note That Mani Of Boehner 150 Economist Endors Bush Tax Cut Or Used Extreme Rhetor"
/issues/budget,Cavuto Adopt Beck Fearmongering: Violent Riot Are Come To America
/issues/budget,Fox Special Report Ignore Extremism And Promot Boehner Economist
/issues/budget,Limbaugh Sub Mark Steyn On Feder Spending: Thi Is A Scale Of Suicid No Other Nation Ha Contempl
/issues/budget,"Hype Boehner 150 Economists, Media Ignore That Mani Have Histori Of Dubiou And Extreme Claim"
/issues/budget,GOP Agenda Setting: Fox Strain To Make Debt Top Issue
/issues/budget,Fox Krauthammer: Default Concern Are A Classic Exampl Of Democrat Scare Tactic
/issues/budget,Fox Hanniti and Malkin Adopt GOP Mediscar Talk Point To Defend Ryan Budget
/issues/budget,Limbaugh: The Real Problem Is That The Republican Establish Is Question Ryan Plan After New York Election
/issues/budget,Rush Tell GOP Presidenti Hope To Hold Press Confer Defend Ryan Plan: We Cant Do It Alone On Talk Radio
/issues/budget,"Fox Napolitano Express Concern For Tornado Victims, Then Question FEMA Fund"
/issues/budget,Right-W Media Attack Geithner For Stave Off Econom Disast
/issues/budget,"Napolitano Promot Effort To Dismiss Econom Concern About Default As Bogus, Fearmong"
/issues/budget,Fox Goldberg And Krauthamm Push Paul Ryan For Presid
/issues/budget,"On Fox, FreedomWork Dick Armey Hype Creativ And Courag Paul Ryan By Cite Biblic Propheci"
/issues/budget,Fox Straight New Anchor Martha MacCallum Regularli Advocat GOP Posit
/issues/budget,Hanniti Suggest Not Rais The Debt Ceil Would Be OK: We Surviv The First Day After Reach Our Debt Limit
/issues/budget,Carlson: Geithner Is Go To Steal Money From The Pension Fund Of Feder Worker
/issues/budget,Fox Nation Attack Treasuri Secretari For Stave Off Econom Catastroph
/issues/budget,Limbaugh: The Debt Limit Is A Manufactur Crisi To Expand Govern
/issues/budget,CNN Crowley Tell Rep. Ryan She Doesnt Want To Get Into A Number Game Over Hi Budget Effect On Deficit
/issues/budget,Napolitano: Call To Rais Debt Ceil Is The Ultimat Washington Weapon Against Taxpay Interest
/issues/budget,Napolitano & Varney New Conspiraci Theory: Googl Settl With DOJ Becaus Govern Is Run Out Of Cash
/issues/budget,"Fox MacCallum Decides: If U.S. Doesnt Rais Debt Ceiling, Our Creditor Will Look Upon That Favor"
/issues/budget,"After Bash NPR And Plan Parenthood Subsidies, Fox Now Defend Oil Subsidi"
/issues/budget,CRS Undermin Right-W Talk Point On Big Oil Tax Break
/issues/budget,Fox Guest Ben Ferguson Bemoan The Hardship Of ExxonMobil
/issues/budget,Conserv Media Defend Tax Break For Big Oil With Fals Claim About Ga Price
/issues/budget,Limbaugh Fals Claim It Demonstr Proven That Tax Cut Increas Revenu
/issues/budget,Fox Straight New Claim Heritag Medicar Plan Take Great Care To Preserv Benefit For Those With Modest Income
/issues/budget,Varney Still Fals Claim Obama Doe Not Want To Cut Spend
/issues/budget,Sarah Palin On Rais The Debt Ceiling: Hell No!
/issues/budget,Let Them Default: Right-W Media Cheerlead For Global Financi Meltdown
/issues/budget,Williams: Presid Obama Is All In As The Class Warrior-In-Chief
/issues/budget,Hannity: I Just Dont Have The Great Fear That Not Rais Debt Ceil Is Go To Be A Calam
/issues/budget,"Beck: Obama Attack Rep. Ryan Budget, But Obama Want To Revers The Constitut"
/issues/budget,Carlson Claim Obama Call The Rich Selfish Instead Of Success
/issues/budget,Carlson Wonders: Have Entitlement Program Realli Made Us A Better Nation?
/issues/budget,Limbaugh Say Default On The Nation Debt Just Mean We Wont Be Able To Borrow Ani More
/issues/budget,Limbaugh Fals Claim Obama Is The Architect Of Deficit And Debt Unheard Of In Thi Nation Prior To Hi Arrival
/issues/budget,Fox  Friend Grossli Misrepres Obama Town Hall Speech
/issues/budget,Fox  Friend Utterli Distort Oil Subsidi To Attack NPR And Plan Parenthood
/issues/budget,"Fox Regular Gatlin Melt Down Over Medicare: Call For It Abolishment, Suggest U.S. Isnt A Democraci"
/issues/budget,Carlson Suggest Obama Want To Scare American Into Spend
/issues/budget,Varney Still Push Falsehood That Obama Refus Spend Cut Of Ani Kind
/issues/budget,"In On The Record Appearance, Neil Cavuto Cheer Credit Downgrad"
/issues/budget,OReilly: I Think The Danger To The Countri Now Lie In The Execut Branch With Presid Obama
/issues/budget,OReilli Explain The Social Compact: The Govern Must Take From The Wealthi And Give To The Poor
/issues/budget,Fred Barn Discourag Increas Debt Limit: There Plenti Of Money
/issues/budget,Fox Decept Turbocharg The Debt Clock
/issues/budget,"Limbaugh Blame Obama For Nation Debt, Say Standard & Poor Is Tell The World Obama Is A Disast"
/issues/budget,Fox  Friend Celebr Tax Day By Complain Obama Is Soak The Rich
/issues/budget,"Fox Adopt GOP Talk Point That Deficit Is A Spend Problem, Not A Revenu Problem"
/issues/budget,Conserv Media Reviv Class Warfar Talk Point To Attack Obama Budget Propos
/issues/budget,Dooci Call Obama Deficit Reduct Tour The Soak The Rich Tour
/issues/budget,"Perino: Obama Said Offensive, Crazi Thing Dure Hi Budget Speech"
/issues/budget,Fox New Moor And Napolitano Demagogu The Hate Natur Of Tax The Rich
/issues/budget,Fox Straight New Wildli Overinfl GOP Budget Effect On Deficit
/issues/budget,Fox Duti Adopt GOP Talk Point On Obama Budget Speech
/issues/budget,Bozel On Obama: He Ha Bankrupt Thi Countri With The Most Outrag Exampl Of Deficit Spend Imagin
/issues/budget,"After Relentless Death Panel Fearmongering, Fox Accuse Obama Of Stoke Some Fear About GOP Budget"
/issues/budget,Eric Boll Call Standard Econom Languag Obama Math
/issues/budget,Laura Ingraham Fals Claim That The Stimulu Didnt Creat Job ... It Been A Coloss Wast Of Money
/issues/budget,Fox Contributor Gallagh Call Obama Budget Speech A Class Warfar Debacl
/issues/budget,Right-W Media Whine That Obama Accurat Blame Deficit Problem On Bush-Era Polici
/issues/budget,Media Chronic Wrong On Social Secur And The Deficit
/issues/budget,Fox  Friend Still Whine About Supposedli Unfair Tax On The Wealthi
/issues/budget,Beck Theory: Obama Propos To Limit Mortgag Interest Deduct Is Actualli A Land Grab By The Fed
/issues/budget,"Carlson Decid Of Obama Speech: Wow, Thi Is So Partisan"
/issues/budget,"Tantaros: In Deficit Speech, Obama Gave Us Offensiv Sob Stori About Handicap Kid Instead Of Specif"
/issues/budget,Johnson: Virtual All Observer Saw Obama Deficit Reduct Address As A Partisan Speech
/issues/budget,"Carlson: If Obama Speech Had Graph And Chart Like Rep. Ryan, He Would Have Kept Peopl Attention"
/issues/budget,"Hanniti Respond To Obama Budget Speech: Invest, Invest, Invest Another Word For Spend, Spend, Spend"
/issues/budget,OReilli To Kucinich: Im Make A Point That You Cant Disagre With!
/issues/budget,"Morris: Deficit Caus By Medicaid, Food Stamps, Unemploy Insurance, Depart Of Education, Depart Of Energi"
/issues/budget,Napolitano: Obama Subscrib To A Bogu Econom Philosophi That Argue That Govern Spend Spur The Economi
/issues/budget,Cavuto Compar Invest In Educat And Protect Senior To Buy A Hous In Tahiti While Broke
/issues/budget,Limbaugh: Not Rais Debt Ceil Isnt A Disaster- The Disast Is In The Oval Office
/issues/budget,"Limbaugh: Idea That Tax Cut Must Be Paid For Is Communist Talk, The Kind Of Think That Get Us $14 Trillion As A Nation Debt"
/issues/budget,Limbaugh: Dem Are Unwill To Pay The Troop But Want To Make Sure Abortionist Continu To Get Paid
/issues/budget,Fox Vs. Fox: Debt Ceil Edition
/issues/budget,Morri Fals Claim Obama Creat A Gigant Deficit
/issues/budget,Fox Decides: Obama Deficit Reduct Plan Amount To A Govern Money Grab
/issues/budget,"Varney Explain How Not Rais Debt Ceil Is Armageddon; Boll Responds, Let Them Default"
/issues/budget,Hanniti And Varney Push GOP To Reject Budget Compromis And Shut Down Govern
/issues/budget,Napolitano: The Economi Will Tank If We Do Borrow More
/issues/budget,Morri Encourag GOP To Shut Down The Govern
/issues/budget,"Napolitano: If I Were In The Congress, I Would Encourag Everybodi To Vote Against Rais The Debt Ceil"
/issues/budget,"After Root For Shutdown, Fox Prais Republican For Budget Deal"
/issues/budget,"Dobbs: If Obama, Feder Official Cant Prepar A Speech Without Speechwrit Help, Then Probabl You Ought To Just Shut Up"
/issues/budget,"Discuss Budget, Limbaugh Say It Took Year For The Democrat To Get Us In Thi Mess"
/issues/budget,Johnson: Boehner Is Lead The Greatest Intervent In American Histori
/issues/budget,Chri Wallac Introduc Doubl Standard To Debt Ceil Debat
/issues/budget,Straight News? Bret Baier Immediat Spin Budget Compromis As A Win For GOP
/issues/budget,Boll Initial Reaction To Budget Deal: It Almost Nauseat
/issues/budget,Hannity: It Important To Me That GOP Shut The Govern Down If They Cant Cut $61 Billion From Budget
/issues/budget,Chri Wallac Acknowledg That Plan Parenthood Provid Cancer Screen
/issues/budget,Fox Claman Say Shutdown Effect On Economi Will Be Neg
/issues/budget,Limbaugh: Not Even I Have A Headach Work In Sharia Law
/issues/budget,"Limbaugh Browbeat GOP To Avoid Budget Compromise, Claim Media Is Fearmong About Effect Of Shutdown"
/issues/budget,Right-W Media Obscure Fact That Policies- Not Spend Cuts- Are Hold Up Budget Agreement
/issues/budget,"Right-W Media Trivialize, Dismiss Potenti Effect Of A Govern Shutdown"
/issues/budget,Right-W Media Fals Suggest Plan Parenthood Use Feder Fund For Abortion
/issues/budget,Beck Liken Budget Debat To Cash-Strap White Trash Coupl Argu Over Cost Of Wife Trip To Nail Salon
/issues/budget,Kilmead Continu To Fals Claim Obama Put Himself Above Congress By Tell Them to Act Like Grownup
/issues/budget,"Stossel Call For Fire Of Public Workers, Say In Privat Sector, It Often Help The Fire Employe"
/issues/budget,Dick Morris: GOP Will Exhibit Cowardic If They Compromis To Avoid Shutdown
/issues/budget,"OReilly: Plan Parenthood Is Non-Vital, Nobodi Life Is Affect By It"
/issues/budget,Cavuto Tell American Worri About Shutdown To Shut Up
/issues/budget,Limbaugh: Democrat Are Just As Excite As They Can Be About Thi Shutdown Come
/issues/budget,Stossel Dream Of Govern Under Lock And Key
/issues/budget,Rove Claim Obama Is Look To Profit Polit From A Govern Shutdown
/issues/budget,Johnson Jr.: Democrat Tri To Label Tea Partier As Zealots; I Say God Bless The Zealot
/issues/budget,Johnson Jr.: Say A Prayer For Tea Partier And Boehner Who Is Stand Up Like A Major Gener
/issues/budget,Doe Dick Morri Want To Endanger American Abroad?
/issues/budget,"Rove: Failur To Pass A Budget Is One Man Responsibility, The Presid Of The Unite State"
/issues/budget,Fox Cameron: Dem Must Accept GOP String On Short-Term Spend Bill Or Deni Fund To The Troop
/issues/budget,Another Upside Of Shutdown For Cavuto: Discov Which Govern Worker Are Deem Non-Essenti
/issues/budget,Cavuto Promot Fiscal Upside To A Govern Shutdown
/issues/budget,Rush: More Senior Citizen Will Die Due To Health Ration Of Obamacar Than Anyth Else That Govern Doe
/issues/budget,Right-W Fals Accuse Obama Of Lectur Congress To Act Like Grownup
/issues/budget,"Milbank: Ryan Plan Isnt A Seriou Budget Proposal, It A Manifesto For The Anti-Tax Caus"
/issues/budget,Varney Fals Claim Democrat Creat The Deficit And They Do Not Have A Plan To Get Us Out
/issues/budget,Dick Morri Invent Target Shutdown Solut To Budget Battl
/issues/budget,"Hanniti Budget Analysis: Obama Is Kind Of Gutless, Cowardly, No Spine, While Republican Are Adult"
/issues/budget,Hanniti Advice For GOP: Dont Compromis To Avoid A Shutdown
/issues/budget,Hannity: I Love Rep. Ryan Budget These Are Seriou Cuts. These Are Seriou Time
/issues/budget,Nation Review Online Blogger Call Medicar A Soviet-Styl System
/issues/budget,Beck On Nation Debt: The Earth Is On Fire And Your Life ... Is About To Chang Just Like On 9-11
/issues/budget,"Were All Chucked: Cavuto Goe On Anti-Schumer, Pro Paul Ryan Rant"
/issues/budget,Right-W Media Tout Ryan Seriou Budget Plan As Economist Point Out Seriou Flaw
/issues/budget,Cavuto: Obama Is Get Kind Of Petti With Budget Deal
/issues/budget,"Beck To Rep. Paul Ryan: I Love You; Ryan Responds, I Love You, Too"
